subreddit,fullId,url
HinowaGaCRUSH,t3_kjtzex,https://www.reddit.com/r/HinowaGaCRUSH/comments/kjtzex/hinowa_ga_crush_chapter_37_links_discussion/
HinowaGaCRUSH,t3_k19qjh,https://www.reddit.com/r/HinowaGaCRUSH/comments/k19qjh/hinowa_ga_crush_chapter_36_links_discussion/
HinowaGaCRUSH,t3_jiamm9,https://www.reddit.com/r/HinowaGaCRUSH/comments/jiamm9/hinowa_ga_crush_chapter_35_links_discussion/
HinowaGaCRUSH,t3_iznave,https://www.reddit.com/r/HinowaGaCRUSH/comments/iznave/hinowa_ga_crush_chapter_34_links_discussion/
OnePiece,t3_kxpq5v,https://www.reddit.com/r/OnePiece/comments/kxpq5v/one_piece_chapter_1001/
BlackClover,t3_kz922j,https://www.reddit.com/r/BlackClover/comments/kz922j/black_clover_chapter_278_links_and_disccusion/
AkatsukinoYona,t3_kq4ric,https://www.reddit.com/r/AkatsukinoYona/comments/kq4ric/chapter_202_links_discussion/
AkatsukinoYona,t3_kfmtr5,https://www.reddit.com/r/AkatsukinoYona/comments/kfmtr5/chapter_201_links_discussion/
GrandBlue,t3_kyfczn,https://www.reddit.com/r/GrandBlue/comments/kyfczn/chapter_66_links_and_discussion/
GrandBlue,t3_kf33iy,https://www.reddit.com/r/GrandBlue/comments/kf33iy/new_to_the_manga/
HinowaGaCRUSH,t3_l4hpp6,https://www.reddit.com/r/HinowaGaCRUSH/comments/l4hpp6/hinowa_ga_crush_chapter_38_links_discussion/
BlackClover,t3_l42063,https://www.reddit.com/r/BlackClover/comments/l42063/black_clover_chapter_279_links_and_discussion/
OnePiece,t3_l7li4l,https://www.reddit.com/r/OnePiece/comments/l7li4l/one_piece_chapter_1002/
Kingdom,t3_l7wwg2,https://www.reddit.com/r/Kingdom/comments/l7wwg2/kingdom_chapter_668_link_discussion/
Kingdom,t3_l3pp36,https://www.reddit.com/r/Kingdom/comments/l3pp36/kingdom_chapter_667_link_and_discussion/
Kingdom,t3_l8vj9j,https://www.reddit.com/r/Kingdom/comments/l8vj9j/a_certain_character_is_probably_most_definitely/
BlackClover,t3_l9f49l,https://www.reddit.com/r/BlackClover/comments/l9f49l/black_clover_chapter_280_links_and_discussion/
OshiNoKo,t3_l85o6p,https://www.reddit.com/r/OshiNoKo/comments/l85o6p/chapter_32_links_and_discussion/
OshiNoKo,t3_l2lavu,https://www.reddit.com/r/OshiNoKo/comments/l2lavu/chapter_31_links_and_discussion/
OshiNoKo,t3_kth0qm,https://www.reddit.com/r/OshiNoKo/comments/kth0qm/chapter_30_links_and_discussion/
OshiNoKo,t3_kk20sl,https://www.reddit.com/r/OshiNoKo/comments/kk20sl/chapter_29_links_and_discussion/
OshiNoKo,t3_karr7j,https://www.reddit.com/r/OshiNoKo/comments/karr7j/chapter_28_links_and_discussion/
OshiNoKo,t3_k6yco6,https://www.reddit.com/r/OshiNoKo/comments/k6yco6/chapter_27_links_and_discussion/
OshiNoKo,t3_k28k8q,https://www.reddit.com/r/OshiNoKo/comments/k28k8q/chapter_26_links_and_discussion/
OshiNoKo,t3_jzs136,https://www.reddit.com/r/OshiNoKo/comments/jzs136/about_chapter_9/
OshiNoKo,t3_jy6l3g,https://www.reddit.com/r/OshiNoKo/comments/jy6l3g/chapter_25_links_and_discussion/
OshiNoKo,t3_jpi7y5,https://www.reddit.com/r/OshiNoKo/comments/jpi7y5/chapter_24_links_and_discussion/
OshiNoKo,t3_jle6rg,https://www.reddit.com/r/OshiNoKo/comments/jle6rg/chapter_23_links_and_discussion/
OshiNoKo,t3_jgi39d,https://www.reddit.com/r/OshiNoKo/comments/jgi39d/chapter_22_links_and_discussion/
OshiNoKo,t3_jckbzi,https://www.reddit.com/r/OshiNoKo/comments/jckbzi/chapter_21_links_and_discussion/
OshiNoKo,t3_jarmrm,https://www.reddit.com/r/OshiNoKo/comments/jarmrm/vol_2_extras_links_and_discussion/
OshiNoKo,t3_j42qst,https://www.reddit.com/r/OshiNoKo/comments/j42qst/chapter_20_links_and_discussion/
OshiNoKo,t3_iz99fs,https://www.reddit.com/r/OshiNoKo/comments/iz99fs/chapter_19_links_and_discussion/
OshiNoKo,t3_iv8r8q,https://www.reddit.com/r/OshiNoKo/comments/iv8r8q/chapter_18_links_and_discussion/
OshiNoKo,t3_iqi8yv,https://www.reddit.com/r/OshiNoKo/comments/iqi8yv/chapter_17_links_and_discussion/
Kingdom,t3_laiuhj,https://www.reddit.com/r/Kingdom/comments/laiuhj/shiki_vs_rei/
Kingdom,t3_lad2rv,https://www.reddit.com/r/Kingdom/comments/lad2rv/not_the_biggest_fan_of_the_current_mini_arc_but/
OnePiece,t3_ld1rhu,https://www.reddit.com/r/OnePiece/comments/ld1rhu/one_piece_chapter_1003/
AkatsukinoYona,t3_lcqdqq,https://www.reddit.com/r/AkatsukinoYona/comments/lcqdqq/chapter_203_links_discussion/
Kingdom,t3_ld5wek,https://www.reddit.com/r/Kingdom/comments/ld5wek/small_tier_list_of_charisma/
BlackClover,t3_lep512,https://www.reddit.com/r/BlackClover/comments/lep512/black_clover_chapter_281_links_and_discussion/
Kingdom,t3_lfav58,https://www.reddit.com/r/Kingdom/comments/lfav58/small_tier_list_of_martial_might/
OshiNoKo,t3_li05wm,https://www.reddit.com/r/OshiNoKo/comments/li05wm/chapter_33_links_and_discussion/
Kingdom,t3_lizjwt,https://www.reddit.com/r/Kingdom/comments/lizjwt/chapter_669_links_and_discussion/
Kingdom,t3_lkokq6,https://www.reddit.com/r/Kingdom/comments/lkokq6/raw_and_historical_spoilers_about_the_future_6/
AkatsukinoYona,t3_lnzvel,https://www.reddit.com/r/AkatsukinoYona/comments/lnzvel/chapter_204_links_discussion/
OshiNoKo,t3_lnxep3,https://www.reddit.com/r/OshiNoKo/comments/lnxep3/chapter_34_links_and_discussion/
GrandBlue,t3_lo8rzq,https://www.reddit.com/r/GrandBlue/comments/lo8rzq/i_need_chapter_66_realese_date/
Kingdom,t3_loba6n,https://www.reddit.com/r/Kingdom/comments/loba6n/chapter_670_links_discussion/
BlackClover,t3_lp00p3,https://www.reddit.com/r/BlackClover/comments/lp00p3/black_clover_chapter_283_links_and_discussion/
Kingdom,t3_lqik77,https://www.reddit.com/r/Kingdom/comments/lqik77/where_are_people_reading_the_english_translation/
Kingdom,t3_lqdrk2,https://www.reddit.com/gallery/lqdrk2
HinowaGaCRUSH,t3_lsfc49,https://www.reddit.com/r/HinowaGaCRUSH/comments/lsfc49/hinowa_ga_crush_chapter_39_links_discussion/
OshiNoKo,t3_lsq3gf,https://www.reddit.com/r/OshiNoKo/comments/lsq3gf/chapter_35_links_and_discussion/
Kingdom,t3_ltyf12,https://www.reddit.com/r/Kingdom/comments/ltyf12/why_is_the_sixth_gg/
Kingdom,t3_ltw2fv,https://www.reddit.com/r/Kingdom/comments/ltw2fv/i_wonder_who_is_going_to_die_in_the_six_general/
Kingdom,t3_lto2yn,https://www.reddit.com/r/Kingdom/comments/lto2yn/chapter_671_links_and_discussion/
Kingdom,t3_lvrmmv,https://www.reddit.com/r/Kingdom/comments/lvrmmv/general_shin/
Kingdom,t3_lwgl50,https://www.reddit.com/r/Kingdom/comments/lwgl50/what_if_theres_no_6th_gg_yet/
GrandBlue,t3_lxaorb,https://www.reddit.com/r/GrandBlue/comments/lxaorb/busujimas_motives_chapter_66_spoilers/
GrandBlue,t3_lwpps6,https://www.reddit.com/r/GrandBlue/comments/lwpps6/chapter_66_links_discussion/
OshiNoKo,t3_lx8yzm,https://www.reddit.com/r/OshiNoKo/comments/lx8yzm/chapter_36_links_and_discussion/
AkatsukinoYona,t3_ly3u57,https://www.reddit.com/r/AkatsukinoYona/comments/ly3u57/chapter_2045_extra_chapter_links_discussion/
GrandBlue,t3_lxo9w7,https://www.reddit.com/r/GrandBlue/comments/lxo9w7/reasons_why_busujima_most_likely_likes_iori/
GrandBlue,t3_lxgwhj,https://www.reddit.com/r/GrandBlue/comments/lxgwhj/chapter_66_discussion/
Kingdom,t3_lxzwu6,https://www.reddit.com/r/Kingdom/comments/lxzwu6/6th_general/
Kingdom,t3_lxtov9,https://www.reddit.com/r/Kingdom/comments/lxtov9/current_chapter_spoilers_who_cant_become_the_6th/
Kingdom,t3_lxgmvw,https://www.reddit.com/r/Kingdom/comments/lxgmvw/chapter_672/
OshiNoKo,t3_lyvnw8,https://www.reddit.com/r/OshiNoKo/comments/lyvnw8/revisiting_the_flashforward_pages_of_chapters_210/
BlackClover,t3_lztfvb,https://www.reddit.com/r/BlackClover/comments/lztfvb/black_clover_chapter_284_links_and_discussion/
GrandBlue,t3_m0avsi,https://www.reddit.com/r/GrandBlue/comments/m0avsi/changed_ship_after_reading_latest_chapter/
GrandBlue,t3_m2b9it,https://www.reddit.com/r/GrandBlue/comments/m2b9it/silent_chisa/
GrandBlue,t3_m1x0s5,https://www.reddit.com/r/GrandBlue/comments/m1x0s5/why_iori_x_chisa_is_most_likely_canon/
OnePiece,t3_m3cs1g,https://www.reddit.com/r/OnePiece/comments/m3cs1g/one_piece_chapter_1007/
Kingdom,t3_m4p263,https://v.redd.it/7cdl6t6ykxm61
Kingdom,t3_m4ov4w,https://www.reddit.com/r/Kingdom/comments/m4ov4w/chapter_672_links_and_discussion_spoiler/
BlackClover,t3_m4xrvv,https://www.reddit.com/r/BlackClover/comments/m4xrvv/black_clover_chapter_285_links_and_discussion/
Kingdom,t3_m5t6sb,https://www.reddit.com/r/Kingdom/comments/m5t6sb/magical_origin_of_the_royal_family_line/
Kingdom,t3_m5kbiq,https://i.redd.it/q7w6j8z2y6n61.png
Kingdom,t3_m7d2yb,https://i.redd.it/ydmsutl75on61.jpg
Kingdom,t3_m7cdec,https://www.reddit.com/r/Kingdom/comments/m7cdec/is_shouheikun_going_to_be_useless/
Kingdom,t3_m7bslh,https://www.reddit.com/r/Kingdom/comments/m7bslh/kingdom_673_raw/
AkatsukinoYona,t3_m7tjhp,https://www.reddit.com/r/AkatsukinoYona/comments/m7tjhp/chapter_205_links_discussion/
OshiNoKo,t3_m85urh,https://www.reddit.com/r/OshiNoKo/comments/m85urh/chapter_37_links_and_discussion/
Kingdom,t3_m8qisv,https://i.redd.it/rpo3w6q3q1o61.png
Kingdom,t3_m8o43i,https://i.redd.it/gx3oy9qf61o61.jpg
BlackClover,t3_m9zn7p,https://www.reddit.com/r/BlackClover/comments/m9zn7p/black_clover_chapter_286_links_and_discussion/
Kingdom,t3_ma55bq,https://www.reddit.com/r/Kingdom/comments/ma55bq/prediction_and_what_i_wish_for_in_kingdom/
Kingdom,t3_ma4ubp,https://youtu.be/SHCVZd-ey-g
Kingdom,t3_m9x0gz,https://www.reddit.com/r/Kingdom/comments/m9x0gz/chapter_673/
OshiNoKo,t3_ma21om,https://www.reddit.com/r/OshiNoKo/comments/ma21om/chapter_305_volume_3_extras_links_and_discussion/
Kingdom,t3_mayroc,https://i.redd.it/bz1fsm4cgno61.png
Kingdom,t3_maxynw,https://i.imgur.com/qQ6xlnq.png
Kingdom,t3_mau368,https://www.reddit.com/r/Kingdom/comments/mau368/kingdom_673_discussion/
Kingdom,t3_matxyb,https://i.redd.it/2e3ero9qdmo61.png
HinowaGaCRUSH,t3_mcq95n,https://www.reddit.com/r/HinowaGaCRUSH/comments/mcq95n/hinowa_ga_crush_chapter_40_links_discussion/
OnePiece,t3_mdiiw9,https://www.reddit.com/r/OnePiece/comments/mdiiw9/one_piece_chapter_1008/
OshiNoKo,t3_mdiy5m,https://www.reddit.com/r/OshiNoKo/comments/mdiy5m/chapter_38_links_and_discussion/
OshiNoKo,t3_mdw17a,https://www.reddit.com/r/OshiNoKo/comments/mdw17a/2_questions_regarding_chapter_30/
OshiNoKo,t3_mdl3nm,https://www.reddit.com/r/OshiNoKo/comments/mdl3nm/chapter_38_links_and_discussion/
BlackClover,t3_mf3ndb,https://www.reddit.com/r/BlackClover/comments/mf3ndb/black_clover_chapter_287_links_and_discussion/
Kingdom,t3_mfhkop,https://i.redd.it/jxw227xn8wp61.png
Kingdom,t3_mfd35h,https://www.reddit.com/r/Kingdom/comments/mfd35h/new_chapter_674/
Kingdom,t3_mf4s4j,https://www.reddit.com/r/Kingdom/comments/mf4s4j/no_chapter_for_today/
Kingdom,t3_mfwi7k,https://www.reddit.com/r/Kingdom/comments/mfwi7k/kanki_back_in_action/
Kingdom,t3_mgnd19,https://i.redd.it/rcre0pz7r7q61.png
Kingdom,t3_mgl4ei,https://www.reddit.com/r/Kingdom/comments/mgl4ei/the_people_on_this_subreddit_should_read_a/
OshiNoKo,t3_mhjwlh,https://www.reddit.com/r/OshiNoKo/comments/mhjwlh/chapter_39_links_and_discussion/
OnePiece,t3_mie5k3,https://www.reddit.com/r/OnePiece/comments/mie5k3/one_piece_chapter_1009/
Kingdom,t3_mif3mc,https://i.redd.it/dslvnefympq61.jpg
Kingdom,t3_micwmo,https://www.reddit.com/r/Kingdom/comments/micwmo/new_chapter_675/
Kingdom,t3_mj8wxp,https://www.reddit.com/r/Kingdom/comments/mj8wxp/chapter_674_editors_note_my_remarks/
Kingdom,t3_mj7j23,https://sensescans.com/index.php?topic=5546.0
BlackClover,t3_mjz11v,https://www.reddit.com/r/BlackClover/comments/mjz11v/black_clover_chapter_288_links_and_disccusion/
AkatsukinoYona,t3_mk5fql,https://cubari.moe/read/imgur/NFiwIRU/1/1/
Kingdom,t3_mk5j58,https://www.reddit.com/r/Kingdom/comments/mk5j58/rereading/
Kingdom,t3_mjvy0t,https://www.reddit.com/r/Kingdom/comments/mjvy0t/psa_break_next_week/
Kingdom,t3_mkq944,https://www.reddit.com/r/Kingdom/comments/mkq944/no_chapter_this_week/
GrandBlue,t3_ml8mjy,https://www.reddit.com/r/GrandBlue/comments/ml8mjy/chapter_67_links_discussion/
Kingdom,t3_mlkdri,https://i.redd.it/z48w0j360mr61.png
Kingdom,t3_mmfdvk,https://www.reddit.com/r/Kingdom/comments/mmfdvk/it_just_came_to_my_mind_that_is_sei_is_voiced_by/
Kingdom,t3_mmc8m3,https://www.reddit.com/r/Kingdom/comments/mmc8m3/moubu_vs_ouki_duel/
OshiNoKo,t3_mmh5ej,https://guya.moe/read/manga/Oshi-no-Ko/40/1/
OnePiece,t3_mnbt0v,https://www.reddit.com/r/OnePiece/comments/mnbt0v/one_piece_chapter_1010/
Kingdom,t3_mmnew3,https://imgur.com/a/R3wQH9C
GrandBlue,t3_mnv6hu,https://www.reddit.com/r/GrandBlue/comments/mnv6hu/the_battle_in_chapter_67/
BlackClover,t3_motb9i,https://www.reddit.com/r/BlackClover/comments/motb9i/black_clover_chapter_289_links_and_discussion/
Kingdom,t3_mp44br,https://i.redd.it/g3qtq8gybns61.jpg
Kingdom,t3_mouoym,https://www.reddit.com/r/Kingdom/comments/mouoym/when_will_spoiler_for_chapter_676_drop_do_anyone/
Kingdom,t3_monh3j,https://www.reddit.com/r/Kingdom/comments/monh3j/shin_being_the_greatest_general_under_the_heaven/
Kingdom,t3_mpw0xo,https://www.reddit.com/r/Kingdom/comments/mpw0xo/kochou_is_my_favorite_zhao/
Kingdom,t3_mpomc2,https://www.reddit.com/r/Kingdom/comments/mpomc2/kingdom_review_chapter_675/
GrandBlue,t3_mrogda,https://www.reddit.com/r/GrandBlue/comments/mrogda/anime_and_manga/
Kingdom,t3_ms8kdz,https://www.reddit.com/r/Kingdom/comments/ms8kdz/i_have_never_wanted_stew_in_my_life_less_than/
Kingdom,t3_mt0j6p,https://www.reddit.com/r/Kingdom/comments/mt0j6p/676_discussion/
Kingdom,t3_msn073,https://www.reddit.com/r/Kingdom/comments/msn073/chapter_676_links_and_discussion/
AkatsukinoYona,t3_mu7z2f,https://cubari.moe/read/imgur/gXWLNup/1/1/
Kingdom,t3_mu4k3j,https://www.reddit.com/r/Kingdom/comments/mu4k3j/kingdom_chapter_676_review_by_orga_d_fanatic/
Kingdom,t3_mwacp5,https://www.reddit.com/r/Kingdom/comments/mwacp5/it_rings_a_bell/
OshiNoKo,t3_mvttpf,https://guya.moe/read/manga/Oshi-no-Ko/41/1/
manga,t3_mwcmw3,https://www.reddit.com/r/manga/comments/mwcmw3/disc_survival_story_of_a_sword_king_in_a_fantasy/
manga,t3_mwbs74,https://reader.kireicake.com/read/helck_vlundio_surreal_sword_saga/en/0/7/page/1
OnePiece,t3_mwpsdv,https://www.reddit.com/r/OnePiece/comments/mwpsdv/one_piece_chapter_1011/
manga,t3_mx3ozi,https://twitter.com/AniNewsAndFacts/status/1385582730809733120?s=19
Kingdom,t3_mxkdbo,https://i.redd.it/ua5qqa14m4v61.jpg
Kingdom,t3_mxk25c,https://www.reddit.com/r/Kingdom/comments/mxk25c/chapter_677_links_and_discussion/
Kingdom,t3_mxv6g3,https://www.youtube.com/watch?v=89zCfo6ob5Y
Kingdom,t3_mxzoqa,https://www.reddit.com/r/Kingdom/comments/mxzoqa/who_shall_take_kochous_head/
manga,t3_my21jy,https://www.reddit.com/r/manga/comments/my21jy/is_boruto_actually_worth_reading/
Kingdom,t3_my2wx2,https://i.redd.it/mo54ptz3q9v61.jpg
Kingdom,t3_my4mge,https://i.redd.it/ua5gcp02eav61.jpg
OnePiece,t3_myb76f,https://www.reddit.com/r/OnePiece/comments/myb76f/one_piece_chapter_1011_official_release_discussion/
Kingdom,t3_myn1m2,https://i.redd.it/ghyxg2pucfv61.jpg
manga,t3_mz49w3,https://i.redd.it/y96awjkn8kv61.jpg
manga,t3_mzo7yj,https://i.redd.it/47j9fuoqupv61.jpg
manga,t3_mzvn4o,https://i.redd.it/d89d2ptjirv61.jpg
manga,t3_n01cfg,https://www.reddit.com/r/manga/comments/n01cfg/disc_legend_of_the_northern_blade_volume_1/
manga,t3_n03y62,https://youtu.be/9XFaWVXmndY
manga,t3_n03nu9,https://www.reddit.com/r/manga/comments/n03nu9/manga_similar_to_solo_leveling/
Kingdom,t3_n054qi,https://i.redd.it/k3mryqi1vtv61.jpg
manga,t3_n0iyj7,https://imgur.com/a/s7E8ist
manga,t3_n0irlo,https://www.reddit.com/r/manga/comments/n0irlo/mangas_like_legend_of_the_northern_blade/
manga,t3_n0ii7c,https://www.asurascans.com/solo-leveling-chapter-149/
manga,t3_n0lvl6,https://www.reddit.com/r/manga/comments/n0lvl6/disc_survival_story_of_a_sword_king_in_a_fantasy/
manga,t3_n0mn6k,https://www.instagram.com/p/COI3Bu1lIZC/
manga,t3_n0yv20,https://www.reddit.com/gallery/n0yv20
Kingdom,t3_n1z6en,https://www.reddit.com/r/Kingdom/comments/n1z6en/shin_instinct/
manga,t3_n3nefl,https://www.reddit.com/r/manga/comments/n3nefl/boruto_chapter_purchase/
manga,t3_n3nwtv,https://urasunday.com/title/1349/153087
manga,t3_n45yzr,https://www.reddit.com/r/manga/comments/n45yzr/does_anyone_know_what_order_to_read_the_dragon/
Kingdom,t3_n47ffh,https://www.reddit.com/r/Kingdom/comments/n47ffh/chapter_678_links_and_discussion/
Kingdom,t3_n4d8k1,https://www.reddit.com/r/Kingdom/comments/n4d8k1/very_upset_about_latest_chapter/
manga,t3_n4cqjo,https://www.reddit.com/r/manga/comments/n4cqjo/disc_survival_story_of_a_sword_king_in_a_fantasy/
Kingdom,t3_n4i0kx,https://i.redd.it/haqz86z4x1x61.jpg
Kingdom,t3_n4ktql,https://www.reddit.com/gallery/n4ktql
manga,t3_n5j7mk,https://www.asurascans.com/solo-leveling-chapter-150/
manga,t3_n5kboh,https://cubari.moe/read/gist/JYaMX/
manga,t3_n5m7hj,https://www.reddit.com/r/manga/comments/n5m7hj/solo_leveling_or_jujutsu_kaisen/
manga,t3_n5pmny,https://www.reddit.com/r/manga/comments/n5pmny/mangamanwha_like_solo_leveling/
Kingdom,t3_n5v09w,https://i.redd.it/3u9n4jvcbex61.jpg
manga,t3_n5v796,https://i.redd.it/h75dkdp9dex61.jpg
manga,t3_n67h3o,https://youtube.com/watch?v=izVn_1m2JBU&amp;feature=share
Kingdom,t3_n694rx,https://www.reddit.com/r/Kingdom/comments/n694rx/kan_kis_know_shin_plot_armorchapter_678/
manga,t3_n6d5ra,https://www.reddit.com/r/manga/comments/n6d5ra/disc_legend_of_the_northern_blade_volume_1/
manga,t3_n6epwg,https://www.reddit.com/r/manga/comments/n6epwg/disc_kumo_desu_ga_nani_ka_daily_life_of_the_four/
Kingdom,t3_n6ij7p,https://www.reddit.com/r/Kingdom/comments/n6ij7p/tactical_note_on_chapter_678/
manga,t3_n6om01,https://i.redd.it/udc1bcl63mx61.png
OnePiece,t3_n6t5ja,https://www.reddit.com/r/OnePiece/comments/n6t5ja/one_piece_chapter_1012/
manga,t3_n6yig5,https://youtu.be/S0Gvz0O5VYM
manga,t3_n70wmy,https://www.reddit.com/r/manga/comments/n70wmy/dragon_ball/
OshiNoKo,t3_n76wm7,https://www.reddit.com/r/OshiNoKo/comments/n76wm7/chapter_42_links_and_discussion/
manga,t3_n7dz0t,https://www.reddit.com/r/manga/comments/n7dz0t/recommend_something_similar_to_solo_leveling/
manga,t3_n7gpg7,https://www.reddit.com/r/manga/comments/n7gpg7/any_manga_similar_to_one_piece_or_dragon_ball_set/
manga,t3_n7ovvq,https://www.reddit.com/r/manga/comments/n7ovvq/dragon_ball_z_manga/
Kingdom,t3_n7ug1b,https://i.redd.it/hyf3sfwtoxx61.jpg
manga,t3_n8a3jt,https://www.reddit.com/r/manga/comments/n8a3jt/disc_survival_story_of_a_sword_king_in_a_fantasy/
OnePiece,t3_n8h5j4,https://www.reddit.com/r/OnePiece/comments/n8h5j4/one_piece_chapter_1012_official_release_discussion/
manga,t3_n8yoxl,https://i.redd.it/0c12fyvqx8y61.jpg
Kingdom,t3_n9q57e,https://www.reddit.com/r/Kingdom/comments/n9q57e/can_someone_explain_what_kanki_is_up_to/
manga,t3_na6fff,https://www.reddit.com/r/manga/comments/na6fff/dragon_ball_z_manga/
manga,t3_nate8r,https://cubari.moe/read/imgur/vUhjspq/1/1/
manga,t3_nasmq0,https://www.asurascans.com/solo-leveling-chapter-151/
manga,t3_nb0e66,https://reader.kireicake.com/read/helck_vlundio_surreal_sword_saga/en/0/8/
OshiNoKo,t3_nb32y5,https://www.reddit.com/r/OshiNoKo/comments/nb32y5/woah_woah_woah_woah_woah/
manga,t3_nb5psv,https://www.reddit.com/r/manga/comments/nb5psv/mangawebtoon_recommendations_like_solo_leveling/
manga,t3_nb4zo7,https://i.redd.it/qnivmtkcisy61.png
manga,t3_nbd7ep,https://www.reddit.com/r/manga/comments/nbd7ep/disc_legend_of_the_northern_blade_chapter_86/
manga,t3_nboey7,https://www.reddit.com/r/manga/comments/nboey7/disc_survival_story_of_a_sword_king_in_a_fantasy/
OnePiece,t3_nc2wm1,https://www.reddit.com/r/OnePiece/comments/nc2wm1/one_piece_chapter_1013/
manga,t3_ncbich,https://i.redd.it/vgylaoyiv3z61.jpg
manga,t3_ncb918,https://i.redd.it/ry718m7it3z61.jpg
manga,t3_ndenmx,https://www.reddit.com/r/manga/comments/ndenmx/solo_leveling_suggested_similar_manga/
OnePiece,t3_ndrdsn,https://www.reddit.com/r/OnePiece/comments/ndrdsn/one_piece_chapter_1013_official_release_discussion/
manga,t3_ndx01f,https://www.reddit.com/r/manga/comments/ndx01f/boruto_naruto_next_generation/
manga,t3_ndyopy,https://i.redd.it/s7ve9toxxjz61.jpg
manga,t3_ndzzzj,https://www.reddit.com/r/manga/comments/ndzzzj/is_boruto_good_as_a_sequel/
manga,t3_ne5jz0,https://urasunday.com/title/1349/154368
manga,t3_ner3p0,https://www.reddit.com/r/manga/comments/ner3p0/if_the_solo_leveling_artist_did_the_art_for_tower/
manga,t3_nft68p,https://i.redd.it/5opeinxikzz61.jpg
manga,t3_ngcqjl,https://pairof2.com/chapter/survival-story-of-a-sword-king/91/
Kingdom,t3_ngekbw,https://www.reddit.com/r/Kingdom/comments/ngekbw/chapter_679_links_and_discussion/
manga,t3_ngl1yo,https://imgur.com/a/2v6bBLQ
manga,t3_ngmbjo,https://guya.moe/read/manga/Kaguya-Wants-To-Be-Confessed-To/227/1/
Kingdom,t3_ngof79,https://i.redd.it/nv5iydlys6071.png
OshiNoKo,t3_ngo0n8,https://www.reddit.com/r/OshiNoKo/comments/ngo0n8/chapter_44_links_and_discussion/
manga,t3_ngp2wf,https://www.reddit.com/r/manga/comments/ngp2wf/legend_of_the_northern_blade_chapter_87/
manga,t3_ngok6d,https://www.reddit.com/r/manga/comments/ngok6d/disc_legend_of_the_northern_blade_volume_1/
Kingdom,t3_ngrkgs,https://i.redd.it/edvil6l0m7071.jpg
manga,t3_nh0vsw,https://www.reddit.com/r/manga/comments/nh0vsw/are_there_any_mangamanhwamanhua_similar_to_solo/
manga,t3_nh2gxf,https://mangaplus.shueisha.co.jp/viewer/1009230
manga,t3_nh2gvv,https://mangaplus.shueisha.co.jp/viewer/1009289
Kingdom,t3_nh43rg,https://i.redd.it/8cgq21nqta071.png
manga,t3_nh7o0k,https://www.reddit.com/r/manga/comments/nh7o0k/whats_the_connection_between_i_am_the_sorceror/
manga,t3_nhclv5,https://nyaa.si/view/1387894
