wallstreetbets,t3_mwe7tz,https://i.redd.it/7cjzroy9dsu61.jpg
wallstreetbets,t3_mvn13j,https://www.reddit.com/r/wallstreetbets/comments/mvn13j/blackberry_covered_calls_warningbe_careful/
wallstreetbets,t3_mvgz0c,https://www.reddit.com/r/wallstreetbets/comments/mvgz0c/the_market_is_only_giving_blackberry_a_total/
CanadianInvestor,t3_mx6ret,https://www.reddit.com/r/CanadianInvestor/comments/mx6ret/consequence_of_a_passive_investing_bubble/
wallstreetbets,t3_mwz7f2,https://www.reddit.com/r/wallstreetbets/comments/mwz7f2/dod_and_nhtsa_mandate_to_use_blackberry_jarvis/
wallstreetbets,t3_mwexoe,https://www.reddit.com/r/wallstreetbets/comments/mwexoe/blackberrys_patent_value_and_overnight_stock_to_40/
wallstreetbets,t3_mxw9x8,https://www.reddit.com/r/wallstreetbets/comments/mxw9x8/minmed_is_a_bubble/
wallstreetbets,t3_mzw0sl,https://twitter.com/qnx_news/status/1387079109730263042?s=21
CanadianInvestor,t3_n0k01y,https://finance.yahoo.com/news/blackberry-announces-management-team-shake-141548231.html
wallstreetbets,t3_n0u283,https://i.redd.it/53cretjwo0w61.jpg
wallstreetbets,t3_n0g9j1,https://finance.yahoo.com/news/blackberry-announces-management-team-shake-141548231.html
wallstreetbets,t3_n1glo6,https://i.redd.it/gxmm5tjh07w61.jpg
wallstreetbets,t3_n1vgrt,https://www.techrepublic.com/article/blackberry-has-built-the-ios-of-cars-and-its-taken-over-the-automotive-industry/
wallstreetbets,t3_n2nzqw,https://www.reddit.com/r/wallstreetbets/comments/n2nzqw/bloomberg_article_indirectly_talking_up/
CanadianInvestor,t3_n6lhqd,https://www.bnnbloomberg.ca/no-fear-of-missing-out-billionaire-michael-lee-chin-50-in-cash-amid-bubble-concerns-1.1600278
wallstreetbets,t3_n6qgkw,https://www.reddit.com/r/wallstreetbets/comments/n6qgkw/everyone_who_bought_bb_is_a_bagholder_change_my/
wallstreetbets,t3_n6qbzf,https://blogs.blackberry.com/en/2021/05/wm-motor-chooses-blackberry-qnx-to-power-its-w6-all-electric-suv
wallstreetbets,t3_n6groy,https://i.redd.it/ixouyw0u7kx61.jpg
wallstreetbets,t3_n6cdut,https://www.reddit.com/r/wallstreetbets/comments/n6cdut/no_news_can_help_blackberry_stockexcept/
CanadianInvestor,t3_n7e9rt,https://www.reddit.com/r/CanadianInvestor/comments/n7e9rt/bbig_etf_batteries_biotech_internet_gaming/
wallstreetbets,t3_n7e7cf,https://www.reddit.com/r/wallstreetbets/comments/n7e7cf/honestly_could_we_be_looking_at_a_short_bubble/
wallstreetbets,t3_n773f7,https://www.prnewswire.com/news-releases/wm-motor-chooses-blackberry-qnx-to-power-its-w6-all-electric-suv-301286294.html
wallstreetbets,t3_n7uk46,https://www.wsj.com/articles/cannabis-goes-corporate-lobbyists-unions-seek-to-shape-marijuana-industry-11620466202
wallstreetbets,t3_n9b9l6,https://www.reddit.com/r/wallstreetbets/comments/n9b9l6/psfe_paysafe_a_better_way_to_bet_on_multiple_high/
wallstreetbets,t3_n9aj3k,https://www.reddit.com/r/wallstreetbets/comments/n9aj3k/the_covid_bubble_bursts_now/
wallstreetbets,t3_naoudu,https://www.reddit.com/r/wallstreetbets/comments/naoudu/coinbase_the_volume_q1_earnings_edition/
wallstreetbets,t3_nanq4y,https://i.redd.it/l3l2b8g9qoy61.jpg
CanadianInvestor,t3_nbv1sn,https://www.reddit.com/r/CanadianInvestor/comments/nbv1sn/is_crypto_the_next_dot_com_bubble/
wallstreetbets,t3_nbwzdr,https://www.reddit.com/r/wallstreetbets/comments/nbwzdr/blackberry_bb_ivys_customer_base_revealed/
wallstreetbets,t3_nbnwhw,https://blogs.blackberry.com/en/2021/05/blackberry-prevents-darkside-ransomware-years-before-it-ever-existed
wallstreetbets,t3_nd72bu,https://blogs.blackberry.com/en/2021/05/frost-and-sullivan-names-blackberry-an-innovator-in-healthcare-cybersecurity
wallstreetbets,t3_ner6f1,https://blogs.blackberry.com/en/2021/05/blackberry-launches-blackberry-optics-3-0-and-blackberry-gateway
wallstreetbets,t3_nfk82c,https://v.redd.it/q6pn1czenxz61
wallstreetbets,t3_ngqzot,https://gifs.com/gif/the-worst-dj-fail-ever-mexican-deejay-with-unplugged-mixer-YjNOe4
wallstreetbets,t3_nhjzjh,https://www.reddit.com/r/wallstreetbets/comments/nhjzjh/a_short_coin_coinbase_dd/
wallstreetbets,t3_nh4osq,https://i.redd.it/6t65py22ya071.jpg
wallstreetbets,t3_ni99x6,https://i.redd.it/1q22t60t7l071.jpg
wallstreetbets,t3_nhps6g,https://twitter.com/BlackBerry/status/1395560002513944581
wallstreetbets,t3_nipr1k,https://www.reddit.com/r/wallstreetbets/comments/nipr1k/tired_of_people_posting_nonlog_charts_to_show/
wallstreetbets,t3_nke88z,https://i.redd.it/11zms8dba6171.jpg
wallstreetbets,t3_nk6fit,https://www.reddit.com/r/wallstreetbets/comments/nk6fit/historical_post_earnings_moves_mega_compilation/
wallstreetbets,t3_njxn44,https://www.campaignasia.com/article/a-name-is-a-vessel-to-be-filled-blackberrys-cmo-on-the-companys-big-pivot/469802
wallstreetbets,t3_nl6vw1,https://v.redd.it/w8302aj3sd171
wallstreetbets,t3_nl6m2q,https://i.redd.it/q7deu7uhpd171.jpg
wallstreetbets,t3_nl522n,https://i.redd.it/3wsb5npo9d171.jpg
wallstreetbets,t3_nl22cg,https://v.redd.it/gb9jwxe9hc171
wallstreetbets,t3_nl1rl6,https://i.redd.it/skiwhiesec171.jpg
wallstreetbets,t3_nkza6a,https://www.reddit.com/r/wallstreetbets/comments/nkza6a/bb_expect_large_movements_within_1_month/
wallstreetbets,t3_nkql4m,https://i.redd.it/zhq6obcgx9171.jpg
wallstreetbets,t3_nlzpxe,https://www.reddit.com/r/wallstreetbets/comments/nlzpxe/bb_hit_1007_in_the_afterhours_after_getting/
wallstreetbets,t3_nly5gy,https://i.redd.it/so7sd7ltwk171.jpg
wallstreetbets,t3_nlxg0w,https://i.redd.it/knxljch9pk171.jpg
wallstreetbets,t3_nluvmm,https://edition.cnn.com/2021/05/26/investing/housing-market-boom-2021/index.html
wallstreetbets,t3_nlulao,https://www.reddit.com/gallery/nlulao
wallstreetbets,t3_nludi5,https://v.redd.it/ynt5sytztj171
wallstreetbets,t3_nltbzd,https://i.redd.it/c123dz7yij171.png
wallstreetbets,t3_nlqklx,https://www.reddit.com/r/wallstreetbets/comments/nlqklx/a_deep_fucking_value_why_bb_is_more_than_just_a/
wallstreetbets,t3_nllz6n,https://v.redd.it/6mtobs9wxh171
wallstreetbets,t3_nmmd47,https://i.redd.it/t6nid0bqhr171.jpg
wallstreetbets,t3_nmkkbl,https://i.redd.it/kzcdjmlpzq171.jpg
wallstreetbets,t3_nmkcjx,https://i.redd.it/ls7nlwfmxq171.jpg
wallstreetbets,t3_nmh5ur,https://v.redd.it/nf3qndjy5q171
CanadianInvestor,t3_nnbafa,https://www.reddit.com/r/CanadianInvestor/comments/nnbafa/blackberry/
wallstreetbets,t3_nn0zdq,https://i.redd.it/94aczx96wv171.jpg
wallstreetbets,t3_nmydzw,https://i.redd.it/k1t978m3av171.png
wallstreetbets,t3_nmvnmr,https://www.reddit.com/gallery/nmvnmr
wallstreetbets,t3_nmtcr3,https://www.reddit.com/r/wallstreetbets/comments/nmtcr3/bb_technical_analysis_the_bottom_has_fully_been/
wallstreetbets,t3_nmsius,https://i.redd.it/aakp6ll9ft171.jpg
wallstreetbets,t3_no0ixl,https://www.reddit.com/r/wallstreetbets/comments/no0ixl/why_is_no_one_talking_about_bbby/
wallstreetbets,t3_nntco3,https://i.redd.it/6hnn7cvcr3271.jpg
wallstreetbets,t3_nnquz0,https://i.redd.it/78g495f153271.jpg
wallstreetbets,t3_non0so,https://www.reddit.com/r/wallstreetbets/comments/non0so/bb_to_the_baby/
wallstreetbets,t3_no5gqd,https://www.reddit.com/r/wallstreetbets/comments/no5gqd/bb_shorts_won_on_friday_28th_may_next_week_bulls/
wallstreetbets,t3_nphwos,https://i.redd.it/sp0ucwalyj271.jpg
wallstreetbets,t3_npgffv,https://www.reddit.com/r/wallstreetbets/comments/npgffv/crashes_occur_after_bubbles/
wallstreetbets,t3_npa7k6,https://www.reddit.com/r/wallstreetbets/comments/npa7k6/bb_unbiased_technical_analysis/
wallstreetbets,t3_nq9y08,https://i.redd.it/mz4a9q2j8r271.jpg
wallstreetbets,t3_nq7u3y,https://www.reddit.com/r/wallstreetbets/comments/nq7u3y/houston_to_rocket_please_report_status_amc_bb_mvis/
wallstreetbets,t3_nq4w0i,https://v.redd.it/6f7qo7yg0q271
wallstreetbets,t3_nq4abi,https://www.reddit.com/r/wallstreetbets/comments/nq4abi/a_forecasted_potential_earnings_breakdown_for_amc/
wallstreetbets,t3_npz0z3,https://v.redd.it/65pwwsktro271
CanadianInvestor,t3_nqp2p8,https://www.reddit.com/r/CanadianInvestor/comments/nqp2p8/i_dont_know_what_to_do_to_with_my_bb_stocks/
wallstreetbets,t3_nr6mps,https://www.reddit.com/r/wallstreetbets/comments/nr6mps/so_mms_wrote_new_calls_for_bb_up_to_30_for/
wallstreetbets,t3_nr4hps,https://www.reddit.com/r/wallstreetbets/comments/nr4hps/bb_bullish_scenario_for_blackberry_confirmed/
wallstreetbets,t3_nr3fzu,https://i.redd.it/yuu2riezvy271.jpg
wallstreetbets,t3_nr2kki,https://www.reddit.com/r/wallstreetbets/comments/nr2kki/bbby_and_their_house_brand_hotness/
wallstreetbets,t3_nr21l5,https://www.reddit.com/r/wallstreetbets/comments/nr21l5/blackberry_a_company_with_enormous_potential/
wallstreetbets,t3_nr1za9,https://v.redd.it/m2u1o02xgy271
wallstreetbets,t3_nr18f6,https://www.reddit.com/gallery/nr18f6
wallstreetbets,t3_nqyztj,https://www.reddit.com/gallery/nqyztj
wallstreetbets,t3_nqz0rg,https://i.redd.it/1gkkdka4px271.jpg
wallstreetbets,t3_nqygx3,https://i.redd.it/4bocac1hkx271.jpg
wallstreetbets,t3_nqxz66,https://www.reddit.com/r/wallstreetbets/comments/nqxz66/bb_target_price_60/
wallstreetbets,t3_nqxtzd,https://www.reddit.com/r/wallstreetbets/comments/nqxtzd/bb_still_going_to_the_baby_updated_post/
wallstreetbets,t3_nqxrzr,https://i.redd.it/u6o5gernex271.jpg
wallstreetbets,t3_nqwsle,https://i.redd.it/z37wckzj6x271.png
wallstreetbets,t3_nqxmqb,https://i.redd.it/bftrh1r7dx271.png
wallstreetbets,t3_nqxm94,https://i.redd.it/1br07sscdx271.jpg
wallstreetbets,t3_nrxupf,https://www.reddit.com/r/wallstreetbets/comments/nrxupf/amc_and_bb_both_have_potential_research_and_put/
wallstreetbets,t3_nrtey5,https://i.redd.it/04vl5ifjj5371.jpg
wallstreetbets,t3_nrqb3c,https://www.reddit.com/r/wallstreetbets/comments/nrqb3c/bb_are_you_still_going_to_the_baby_updated_post/
wallstreetbets,t3_nrorqx,https://www.reddit.com/r/wallstreetbets/comments/nrorqx/why_do_i_see_10x_as_many_post_about_bb_than_i_do/
wallstreetbets,t3_nrongl,https://i.redd.it/8jkhwh6jd4371.jpg
wallstreetbets,t3_nro9sg,https://www.reddit.com/r/wallstreetbets/comments/nro9sg/tomorrow_will_be_a_good_day_for_bb/
wallstreetbets,t3_nrnzx3,https://www.reddit.com/r/wallstreetbets/comments/nrnzx3/is_rolling_over_actually_smart_with_bb_40x_return/
wallstreetbets,t3_nrnqo8,https://i.redd.it/fdyih17y54371.jpg
wallstreetbets,t3_nrm11g,https://www.reddit.com/r/wallstreetbets/comments/nrm11g/bb/
wallstreetbets,t3_nrm0yp,https://www.reddit.com/r/wallstreetbets/comments/nrm0yp/bb_might_be_next/
wallstreetbets,t3_nrlhn1,https://i.redd.it/8a43evv3p3371.jpg
wallstreetbets,t3_nrkvqb,https://www.reddit.com/r/wallstreetbets/comments/nrkvqb/bb_expect_large_movements_in_1_month_part_5/
wallstreetbets,t3_nrkj17,https://i.redd.it/oz63gcrqh3371.jpg
wallstreetbets,t3_nrke1x,https://www.reddit.com/r/wallstreetbets/comments/nrke1x/from_one_memetard_to_another_the_thing_about_bb/
wallstreetbets,t3_nrk3yb,https://i.redd.it/tb0hk8vge3371.jpg
wallstreetbets,t3_nskgcb,https://www.reddit.com/r/wallstreetbets/comments/nskgcb/can_i_get_an_explanation_of_the_short_term_play/
wallstreetbets,t3_nsj6v2,https://i.redd.it/2mfwr9a5ac371.jpg
wallstreetbets,t3_nseozk,https://v.redd.it/6yaiy91l6b371
wallstreetbets,t3_nsc9c6,https://i.redd.it/s2flotgnna371.jpg
wallstreetbets,t3_nsbsmz,https://i.redd.it/wh3suww1ka371.jpg
wallstreetbets,t3_nsbbql,https://i.redd.it/4wxypcs7ga371.jpg
wallstreetbets,t3_nsac7t,https://i.redd.it/gk0cfvsg8a371.jpg
wallstreetbets,t3_ns88f3,https://v.redd.it/02m561i5s9371
wallstreetbets,t3_ns7ue2,https://i.redd.it/5297o478p9371.jpg
wallstreetbets,t3_ns7h3g,https://www.reddit.com/r/wallstreetbets/comments/ns7h3g/ape_wonders_about_amcgme_and_bb_advertising/
wallstreetbets,t3_ns72a7,https://i.redd.it/hsr66b79j9371.jpg
wallstreetbets,t3_ns70qn,https://i.redd.it/54t816rwi9371.jpg
wallstreetbets,t3_ns6fwq,https://i.redd.it/gx51evd9e9371.jpg
wallstreetbets,t3_ns0z3c,https://i.redd.it/pxzccznrw7371.jpg
wallstreetbets,t3_ntbq2o,https://i.redd.it/53tm1h4s5k371.jpg
wallstreetbets,t3_nt8cfu,https://i.redd.it/9mh03um48j371.png
wallstreetbets,t3_nt8b6i,https://www.reddit.com/r/wallstreetbets/comments/nt8b6i/bb_end_game_gann_fan_study/
wallstreetbets,t3_nt5et4,https://www.reddit.com/r/wallstreetbets/comments/nt5et4/bb_stock_weekend_dd_before_jun_7th_2021_rockets_up/
wallstreetbets,t3_nt4qoi,https://v.redd.it/v8ye4j2nci371
wallstreetbets,t3_nt4o6b,https://www.reddit.com/r/wallstreetbets/comments/nt4o6b/blackberry_technical_analysis/
wallstreetbets,t3_nt21wi,https://i.redd.it/wuo23wopph371.jpg
wallstreetbets,t3_nt1hdu,https://i.redd.it/5tl4vje1lh371.jpg
wallstreetbets,t3_nsy9ky,https://v.redd.it/rkt9sga5ug371
wallstreetbets,t3_nssg92,https://www.reddit.com/r/wallstreetbets/comments/nssg92/benefits_of_buying_bb/
wallstreetbets,t3_nu5msl,https://v.redd.it/vik5idzbds371
wallstreetbets,t3_ntv9oc,https://i.redd.it/rfa72mv4kp371.jpg
wallstreetbets,t3_ntvrr6,https://www.reddit.com/r/wallstreetbets/comments/ntvrr6/bb_consolidated_dd_why_last_week_was_just_a/
wallstreetbets,t3_ntua4i,https://www.reddit.com/r/wallstreetbets/comments/ntua4i/bb_expect_large_movements_within_1_month_part_6/
wallstreetbets,t3_nttgr8,https://www.reddit.com/r/wallstreetbets/comments/nttgr8/bb_amc_gme_daily_popular_ticker_thread_for_june/
wallstreetbets,t3_ntq5hf,https://i.redd.it/18sx9roieo371.jpg
wallstreetbets,t3_ntoxzl,https://i.redd.it/jokpa23s2o371.png
wallstreetbets,t3_ntp2xh,https://www.reddit.com/r/wallstreetbets/comments/ntp2xh/no_amc_or_bb_holders_should_be_wearing_pants_and/
wallstreetbets,t3_ntntnv,https://www.reddit.com/r/wallstreetbets/comments/ntntnv/bbby_gain_porn_and_dd/
wallstreetbets,t3_nt9ds2,https://i.redd.it/a9idpfxaij371.jpg
wallstreetbets,t3_ntgqla,https://i.redd.it/fff5y6hjrl371.jpg
wallstreetbets,t3_ntf8df,https://www.reddit.com/r/wallstreetbets/comments/ntf8df/bb_ideas_for_monday/
wallstreetbets,t3_nuwzx7,https://www.reddit.com/r/wallstreetbets/comments/nuwzx7/i_am_no_roaring_kitty_but_i_aspire_to_be_bb/
wallstreetbets,t3_nuvoru,https://twitter.com/quantrinsic/status/1402036277243899906?s=16
wallstreetbets,t3_nuuv4k,https://i.redd.it/hcobox6hky371.jpg
wallstreetbets,t3_nuubs9,https://i.redd.it/pm2ek0lbfy371.jpg
wallstreetbets,t3_nutm8b,https://i.redd.it/5phavsrh8y371.jpg
wallstreetbets,t3_nusv9j,https://www.prnewswire.com/news-releases/blackberry-and-bitech-team-up-to-build-safe-reliable-digital-lcd-instrument-cluster-for-changans-newly-launched-uni-k-suv-301307221.html
wallstreetbets,t3_nusexx,https://www.reddit.com/r/wallstreetbets/comments/nusexx/bb/
wallstreetbets,t3_nuqg8h,https://www.reddit.com/gallery/nuqg8h
wallstreetbets,t3_nuq55e,https://www.reddit.com/r/wallstreetbets/comments/nuq55e/blackberry_technical_analysismonthly_chart/
wallstreetbets,t3_nuppli,https://i.redd.it/07kafu7m8x371.jpg
wallstreetbets,t3_nup20b,https://i.redd.it/b52o3ex63x371.png
wallstreetbets,t3_nuou81,https://www.reddit.com/r/wallstreetbets/comments/nuou81/where_can_bb_make_it_too_besides_the_moon/
CanadianInvestor,t3_nvis9a,https://www.reddit.com/r/CanadianInvestor/comments/nvis9a/td_webbroker_and_hairloss/
wallstreetbets,t3_nvo3ym,https://www.reddit.com/r/wallstreetbets/comments/nvo3ym/bb_expect_large_movements_within_1_month_part_7/
wallstreetbets,t3_nvnt3k,https://www.reddit.com/gallery/nvnt3k
wallstreetbets,t3_nvm0im,https://www.reddit.com/gallery/nvm0im
wallstreetbets,t3_nvksr1,https://www.reddit.com/r/wallstreetbets/comments/nvksr1/atience_on_bb/
wallstreetbets,t3_nvksmc,https://www.reddit.com/r/wallstreetbets/comments/nvksmc/fintel_estimates_bb_short_volume_ratio_25/
wallstreetbets,t3_nvkd31,https://www.reddit.com/gallery/nvkd31
wallstreetbets,t3_nwey3v,https://www.reddit.com/r/wallstreetbets/comments/nwey3v/my_dd_on_bbby_i_really_like_the_stock/
wallstreetbets,t3_nwbqv5,https://www.reddit.com/r/wallstreetbets/comments/nwbqv5/buy_bb_recommendations_by_david_gardner_stock/
wallstreetbets,t3_nwb1gp,https://i.redd.it/ca078yth6c471.png
wallstreetbets,t3_nwakdg,https://www.reddit.com/r/wallstreetbets/comments/nwakdg/memetacular_ta_dd_clov_amc_bb_and_wish_daytrading/
wallstreetbets,t3_nwadqk,https://i.redd.it/22rgdb8i0c471.jpg
wallstreetbets,t3_nw9fu3,https://v.redd.it/kwcb31vqrb471
wallstreetbets,t3_nx2ihx,https://www.reddit.com/gallery/nx2ihx
wallstreetbets,t3_nx038v,https://www.reddit.com/r/wallstreetbets/comments/nx038v/the_key_to_blackberry/
wallstreetbets,t3_nxx9sz,https://i.redd.it/o29pmdtq5r471.jpg
wallstreetbets,t3_nxv9jr,https://i.redd.it/f8l9vkzglq471.jpg
wallstreetbets,t3_nxtjj4,https://i.redd.it/iuzik5io4q471.jpg
wallstreetbets,t3_nxp5r6,https://www.reddit.com/r/wallstreetbets/comments/nxp5r6/todays_option_statistics_for_amcbbclfclnegme_and/
wallstreetbets,t3_nxp36c,https://www.reddit.com/gallery/nxp36c
wallstreetbets,t3_ny83ve,https://i.redd.it/fsqgtthoiu471.jpg
wallstreetbets,t3_ny01wx,https://i.redd.it/mwlaqa9b0s471.jpg
wallstreetbets,t3_nzf0mj,https://www.reddit.com/r/wallstreetbets/comments/nzf0mj/will_bb_and_fb_make_a_deal/
wallstreetbets,t3_nz6tgd,https://www.reddit.com/r/wallstreetbets/comments/nz6tgd/mememania_the_week_ahead_bb_clne_amc_crsr_and_gme/
wallstreetbets,t3_nyyq9f,https://www.reddit.com/r/wallstreetbets/comments/nyyq9f/blackberry_undervaluationleader_in_ev_iot_and/
CanadianInvestor,t3_o04fo6,https://www.reddit.com/r/CanadianInvestor/comments/o04fo6/what_finally_popped_the_dotcom_bubble/
wallstreetbets,t3_o00oah,https://www.ishares.com/uk/individual/en/products/297843/ishares-digital-security-ucits-etf-fund
wallstreetbets,t3_nzvw7h,https://www.reddit.com/r/wallstreetbets/comments/nzvw7h/todays_options_statistics_clne_crsr_amc_wish_clov/
wallstreetbets,t3_nzus0o,https://i.redd.it/2vnxibjt8a571.png
CanadianInvestor,t3_o0dr6l,https://finance.yahoo.com/news/world-most-bubbly-housing-markets-010023819.html
wallstreetbets,t3_o0v1qa,https://www.reddit.com/r/wallstreetbets/comments/o0v1qa/is_blackberry_qnx_a_rotary_phone/
wallstreetbets,t3_o0shig,https://markets.businessinsider.com/news/stocks/big-short-michael-burry-twitter-return-biggest-market-bubble-ever-2021-6-1030524823
wallstreetbets,t3_o0q23a,https://www.patentsencyclopedia.com/imgfull/20140372299_01
wallstreetbets,t3_o0ngzb,https://www.reddit.com/r/wallstreetbets/comments/o0ngzb/daily_option_statistics_for_clen_amc_wish_gme_bb/
wallstreetbets,t3_o1ghr4,https://www.reddit.com/gallery/o1ghr4
wallstreetbets,t3_o1e41e,https://www.reddit.com/r/wallstreetbets/comments/o1e41e/daily_option_statistics_for_amc_gme_clne_wish_bb/
wallstreetbets,t3_o1an81,https://i.redd.it/jinazszszn571.jpg
wallstreetbets,t3_o2cbtj,https://twitter.com/cnbcfastmoney/status/1405648218634002433?s=21
wallstreetbets,t3_o2adla,https://i.redd.it/jyx753ifpw571.jpg
wallstreetbets,t3_o2a9wv,https://i.redd.it/i0edkfnwnw571.png
wallstreetbets,t3_o2a1s6,https://www.reddit.com/r/wallstreetbets/comments/o2a1s6/bb_technical_analysis_4_hr_chart_break_out_daily/
wallstreetbets,t3_o26zm4,https://i.redd.it/hkrksc3fyv571.jpg
wallstreetbets,t3_o26guj,https://www.reddit.com/r/wallstreetbets/comments/o26guj/daily_option_statistics_for_amc_clne_bb_wish_gme/
wallstreetbets,t3_o36b6k,https://www.reddit.com/r/wallstreetbets/comments/o36b6k/ford_drop_blackberry_qnx_for_google_android_really/
wallstreetbets,t3_o35swb,https://i.redd.it/uefoqr4or4671.png
wallstreetbets,t3_o2z1d3,https://www.reddit.com/r/wallstreetbets/comments/o2z1d3/daily_option_statistics_for_clne_amc_bb_wish_gme/
wallstreetbets,t3_o2rbue,https://i.redd.it/6gw58v2wi1671.jpg
wallstreetbets,t3_o2r8yp,https://www.reddit.com/r/wallstreetbets/comments/o2r8yp/blackberry_qnx_design_wins_2019_to_2020/
wallstreetbets,t3_o3pp5z,https://www.reddit.com/r/wallstreetbets/comments/o3pp5z/mods_time_for_bobbyphisther_to_put_up_or_ban/
wallstreetbets,t3_o3j56g,https://i.redd.it/a6psl2hkv8671.jpg
wallstreetbets,t3_o4jvli,https://www.reddit.com/r/wallstreetbets/comments/o4jvli/china_baidu_and_car_oem_choosing_blackberry/
wallstreetbets,t3_o4dbpz,https://i.redd.it/43ju19vq4h671.jpg
wallstreetbets,t3_o5dbj5,https://www.reddit.com/r/wallstreetbets/comments/o5dbj5/why_cramer_never_talks_bb_in_detail/
wallstreetbets,t3_o58xus,https://www.reddit.com/r/wallstreetbets/comments/o58xus/how_to_analyze_bb_qnx_backlog_from_195_million/
wallstreetbets,t3_o55yok,https://i.redd.it/ycxzhy20so671.jpg
wallstreetbets,t3_o542tb,https://www.reddit.com/r/wallstreetbets/comments/o542tb/daily_option_statistics_for_wish_amc_bb_gme_clne/
CanadianInvestor,t3_o5ogm8,https://finance.yahoo.com/news/blackberry-launches-blackberry-ivy-advisory-120000671.html
wallstreetbets,t3_o655bj,https://i.redd.it/t7865t4hwx671.png
wallstreetbets,t3_o632j2,https://www.reddit.com/gallery/o632j2
wallstreetbets,t3_o5yz3z,https://i.redd.it/bp0odn2z7w671.jpg
wallstreetbets,t3_o5wjyn,https://i.redd.it/v7qzn1qsmv671.png
wallstreetbets,t3_o5wch3,https://www.gurufocus.com/news/1459899/blackberry-launches-blackberry-ivy-advisory-council-to-fuel-smart-mobility-innovation
wallstreetbets,t3_o5vyg0,https://www.reddit.com/r/wallstreetbets/comments/o5vyg0/daily_options_statistics_for_wish_clov_amc_gme_bb/
wallstreetbets,t3_o6rcv1,https://www.reddit.com/r/wallstreetbets/comments/o6rcv1/daily_option_statistics_for_clov_wish_amc_wkhs/
wallstreetbets,t3_o6mee5,https://www.blackberry.com/us/en/pdfviewer?file=/content/dam/bbcomv4/blackberry-com/en/company/investors/pdfs/2021/blackberry-agm-2021-presentation.pdf
CanadianInvestor,t3_o7f773,https://www.reuters.com/business/media-telecom/blackberry-first-quarter-revenue-beats-expectations-2021-06-24/
CanadianInvestor,t3_o7beld,https://www.bnnbloomberg.ca/blackberry-misses-estimates-amid-auto-companies-chip-woes-1.1621552
wallstreetbets,t3_o7f8pe,https://i.redd.it/ohbivjgzwb771.jpg
wallstreetbets,t3_o7e1pj,https://www.reddit.com/r/wallstreetbets/comments/o7e1pj/daily_option_statistics_for_wish_clov_tsla_amc/
wallstreetbets,t3_o7agdl,https://www.reddit.com/r/wallstreetbets/comments/o7agdl/bb_earnings_are_out_conference_call_following_who/
wallstreetbets,t3_o7afiv,https://newsfilter.io/a/e5ea55c3e7c7dd6b23168818e78dace3
wallstreetbets,t3_o78fw2,https://www.reddit.com/r/wallstreetbets/comments/o78fw2/rig_a_play_on_100bbl_oil/
wallstreetbets,t3_o74ymh,https://www.reddit.com/r/wallstreetbets/comments/o74ymh/bbby_technical_analysis_break_out_confirmed/
CanadianInvestor,t3_o7tbur,https://www.bnnbloomberg.ca/blackberry-ceo-says-turnaround-taking-longer-than-i-expected-1.1621834
wallstreetbets,t3_o7wcdp,https://www.reddit.com/r/wallstreetbets/comments/o7wcdp/daily_option_statistics_for_stocks_such_as_spce/
CanadianInvestor,t3_o8iwyl,/r/Baystreetbets/comments/o8gt41/all_the_recent_historical_dark_pool_data_on_bb/
wallstreetbets,t3_o8nf4i,https://v.redd.it/5mqish4tnp771
wallstreetbets,t3_o8bir8,https://www.reddit.com/r/wallstreetbets/comments/o8bir8/blackberry_launched_bb_ivy_to_accelerate_smart/
wallstreetbets,t3_o96vka,https://www.reddit.com/r/wallstreetbets/comments/o96vka/blackberry_beats_revenue_estimates_by_3000000/
wallstreetbets,t3_o9x9d1,https://i.redd.it/hpc46rbvo3871.jpg
wallstreetbets,t3_o9uj5w,https://www.reddit.com/r/wallstreetbets/comments/o9uj5w/mememania_wkhs_bb_clov_ta_dd/
wallstreetbets,t3_o9tywc,https://www.reddit.com/r/wallstreetbets/comments/o9tywc/daily_option_statistics_for_amc_wish_gme_wkhs/
wallstreetbets,t3_oaltm7,https://www.reddit.com/r/wallstreetbets/comments/oaltm7/geico_telus_here_cerence_amazon_aws_are_members/
wallstreetbets,t3_oak12f,https://www.reddit.com/r/wallstreetbets/comments/oak12f/daily_option_statistics_for_clov_amc_gme_wish/
wallstreetbets,t3_oai4ui,https://www.reddit.com/r/wallstreetbets/comments/oai4ui/how_rig_is_the_bubba_gump_shrimp_co_rig/
wallstreetbets,t3_oahvcj,https://i.redd.it/8rh28b1qv9871.jpg
wallstreetbets,t3_oacg4v,https://www.reddit.com/r/wallstreetbets/comments/oacg4v/from_smart_phones_to_smart_cars_blackberry_is_an/
wallstreetbets,t3_obra0n,https://v.redd.it/jn1i1lqp3n871
wallstreetbets,t3_ocfgtk,https://www.reddit.com/gallery/ocfgtk
wallstreetbets,t3_ocahjt,https://www.reddit.com/r/wallstreetbets/comments/ocahjt/coinbase_the_volume_end_of_q2_edition/
wallstreetbets,t3_ocu15c,https://www.reddit.com/r/wallstreetbets/comments/ocu15c/facebook_and_blackberry_may_be_negotiating_a_2/
CanadianInvestor,t3_oecspv,https://ipolitics.ca/2021/07/05/lobby-wrap-canopy-growth-taps-former-lib-to-lobby-about-weed/
CanadianInvestor,t3_oe9w20,https://www.reddit.com/r/CanadianInvestor/comments/oe9w20/td_webbroker_forces_me_to_close_call_spread/
wallstreetbets,t3_oectdf,https://ipolitics.ca/2021/07/05/lobby-wrap-canopy-growth-taps-former-lib-to-lobby-about-weed/
wallstreetbets,t3_og6ofy,https://www.reddit.com/r/wallstreetbets/comments/og6ofy/housing_a_big_bubbly_pile_of_garbage_that_will/
wallstreetbets,t3_oh2yqp,https://www.reddit.com/r/wallstreetbets/comments/oh2yqp/quick_dd_on_rubber_shortage/
wallstreetbets,t3_ohniqc,https://www.reddit.com/r/wallstreetbets/comments/ohniqc/the_housing_market_is_not_in_a_bubble_popping_the/
wallstreetbets,t3_oijv6u,https://www.reddit.com/r/wallstreetbets/comments/oijv6u/where_are_blackberry_ivy_demo_applications/
wallstreetbets,t3_oib6l8,https://www.reddit.com/r/wallstreetbets/comments/oib6l8/the_state_of_the_meme_a_ta_of_all_your_favorite/
wallstreetbets,t3_oi8y6l,https://www.reddit.com/r/wallstreetbets/comments/oi8y6l/all_aboard_coinbase_coin_for_a_blowout_812_er/
wallstreetbets,t3_oj14y8,https://www.reddit.com/r/wallstreetbets/comments/oj14y8/daily_option_statistics_for_spce_clov_amc_gme/
wallstreetbets,t3_oiz1vr,https://i.redd.it/cc2xwlzn7ua71.jpg
CanadianInvestor,t3_ojcx23,https://www.bnnbloomberg.ca/lumber-wipes-out-2021-gain-with-demand-ebbing-after-boom-1.1628029
wallstreetbets,t3_ojnpu9,https://www.reddit.com/r/wallstreetbets/comments/ojnpu9/daily_option_statistics_for_amc_clov_gme_nok_spce/
wallstreetbets,t3_ojn8qy,https://www.reddit.com/gallery/ojn8qy
wallstreetbets,t3_okh4dc,https://i.redd.it/oxq1i4f5q9b71.jpg
wallstreetbets,t3_oljd7h,https://i.redd.it/lxuby0nchlb71.gif
wallstreetbets,t3_old2j1,https://www.reddit.com/r/wallstreetbets/comments/old2j1/blackberry_will_host_a_virtual_fireside_chat_to/
wallstreetbets,t3_om40w6,https://www.reddit.com/r/wallstreetbets/comments/om40w6/bb_728_catalyst/
wallstreetbets,t3_onmn15,https://www.reddit.com/gallery/onmn15
wallstreetbets,t3_opck8v,https://www.reddit.com/r/wallstreetbets/comments/opck8v/dq_solar_powerhouse_in_the_making_chinese_clean/
CanadianInvestor,t3_opy4ja,https://www.reddit.com/r/CanadianInvestor/comments/opy4ja/will_asset_price_bubbles_collapse_world_famous/
wallstreetbets,t3_oqilx4,https://i.redd.it/owlusdtk43d71.png
wallstreetbets,t3_orp8pf,https://www.reddit.com/r/wallstreetbets/comments/orp8pf/the_most_speculative_play_of_the_year_bb/
wallstreetbets,t3_oszj11,https://i.redd.it/w22pjpp4sud71.jpg
wallstreetbets,t3_otg87p,https://finance.yahoo.com/m/c2ef241a-8e40-3530-8c7f-ddb92e5aea36/why-blackberry-is-soaring.html
wallstreetbets,t3_otg6ja,https://i.redd.it/jspsai0900e71.png
wallstreetbets,t3_otecc9,https://i.redd.it/lghrv3bwkzd71.jpg
wallstreetbets,t3_ouactc,https://i.redd.it/e4w32c7309e71.jpg
wallstreetbets,t3_ou70sd,https://i.redd.it/ayg6swqn18e71.jpg
wallstreetbets,t3_ouvz3d,https://i.redd.it/vxdzgefclfe71.jpg
wallstreetbets,t3_oug1up,https://www.reddit.com/r/wallstreetbets/comments/oug1up/they_see_only_one_bubble_we_saw_a_much_higher/
wallstreetbets,t3_ov0dkg,https://i.redd.it/ul7g8fub2he71.png
wallstreetbets,t3_ovlvnl,https://www.bbc.com/news/av/technology-58020010
wallstreetbets,t3_ow02ag,https://www.reddit.com/r/wallstreetbets/comments/ow02ag/bb_stock_price_1520_downside_50_upside_potential/
wallstreetbets,t3_ox2ng2,https://www.reddit.com/r/wallstreetbets/comments/ox2ng2/how_long_the_bubble_going_to_last/
wallstreetbets,t3_ox1ow0,https://www.reddit.com/r/wallstreetbets/comments/ox1ow0/bb_misunderstood_giant_waiting_to_break_out/
wallstreetbets,t3_oy5kyi,https://i.redd.it/w1pdp52wiff71.jpg
wallstreetbets,t3_ozm902,https://i.redd.it/ydkiq4oo0vf71.png
wallstreetbets,t3_p0n45b,https://www.reddit.com/r/wallstreetbets/comments/p0n45b/bristol_myerssquibb_bmy_dd/
wallstreetbets,t3_p09hgn,https://www.reddit.com/r/wallstreetbets/comments/p09hgn/coinbase_vs_robinhood_stonks/
wallstreetbets,t3_p15d52,https://i.redd.it/w2evmiw14dg71.jpg
wallstreetbets,t3_p0za6j,https://www.reddit.com/r/wallstreetbets/comments/p0za6j/coinbase_earnings_will_be_massive/
wallstreetbets,t3_p24oci,https://www.reddit.com/r/wallstreetbets/comments/p24oci/return_of_the_bb_moonshot/
wallstreetbets,t3_p216jg,https://finance.yahoo.com/news/1-coinbase-profit-beats-estimates-203217374.html
wallstreetbets,t3_p2fob0,https://i.redd.it/qug4pfe32rg71.jpg
wallstreetbets,t3_p2d52w,https://www.reddit.com/r/wallstreetbets/comments/p2d52w/wsj_blackberry_ivy_to_provide_secure_vehiclebased/
wallstreetbets,t3_p30yhi,https://www.reddit.com/r/wallstreetbets/comments/p30yhi/fraud_at_blackberry_ceo_john_chen_another_enron/
wallstreetbets,t3_p410eq,https://i.redd.it/pjyvtisbz8h71.png
CanadianInvestor,t3_p5t41q,https://www.reddit.com/gallery/p5t41q
wallstreetbets,t3_p5mvqr,https://v.redd.it/wht35oslrrh71
CanadianInvestor,t3_p6fy8q,https://www.reddit.com/r/CanadianInvestor/comments/p6fy8q/blackberry_software_flaw_could_impact_cars/
wallstreetbets,t3_p6h0u8,https://v.redd.it/3b51vhu9p0i71
wallstreetbets,t3_p6fycm,https://www.politico.com/news/2021/08/17/blackberry-qnx-vulnerability-hackers-505649
CanadianInvestor,t3_p72923,https://www.ctvnews.ca/sci-tech/blackberry-software-flaw-could-impact-cars-medical-devices-u-s-agencies-1.5551637
wallstreetbets,t3_p74ae7,https://v.redd.it/0vp4xxg9p7i71
wallstreetbets,t3_p8f069,https://v.redd.it/irdgs5od5li71
wallstreetbets,t3_p8myz4,https://i.redd.it/kyltwbixuni71.jpg
wallstreetbets,t3_pa4e05,https://i.redd.it/owem3odr55j71.jpg
wallstreetbets,t3_pb371g,https://i.redd.it/0en10w2adfj71.png
wallstreetbets,t3_pazvqo,https://www.reddit.com/r/wallstreetbets/comments/pazvqo/bb_has_the_potential_to_make_some_serious_moves/
wallstreetbets,t3_pazoyp,https://i.redd.it/7nzjyzigbej71.jpg
wallstreetbets,t3_pazmes,https://www.reddit.com/r/wallstreetbets/comments/pazmes/bb_blackberry_the_sleeping_giant_potential_2/
wallstreetbets,t3_pcd9t2,https://newsfilter.io/a/2aa2875bcdd1c6055dd88621d2380cdd
wallstreetbets,t3_pccyc1,https://www.reddit.com/r/wallstreetbets/comments/pccyc1/bb_transcript_break_down/
wallstreetbets,t3_pbsrsb,https://finance.yahoo.com/news/blackberry-awarded-aaa-rating-se-150000813.html
CanadianInvestor,t3_pd3ecg,https://youtu.be/3PeHB3wkJ1s
CanadianInvestor,t3_pcr86w,https://www.iam-media.com/finance/blackberry-patent-sale-september-2021
wallstreetbets,t3_pd2wq6,https://i.redd.it/ezgmqxrnw0k71.png
wallstreetbets,t3_pdm887,https://www.reddit.com/r/wallstreetbets/comments/pdm887/memewars_episode_vi_the_memes_awaken_a_tadd_of/
wallstreetbets,t3_pe8are,https://www.reddit.com/gallery/pe8are
wallstreetbets,t3_pdp6gw,https://www.reddit.com/r/wallstreetbets/comments/pdp6gw/market_is_running_purely_on_margin_debt_aka/
wallstreetbets,t3_pertxt,https://www.reddit.com/r/wallstreetbets/comments/pertxt/bbby_wrinkly_brain_method_of_playing_the_meme/
wallstreetbets,t3_pepz63,https://www.reddit.com/r/wallstreetbets/comments/pepz63/bb_primed_and_ready_to_print/
wallstreetbets,t3_pelanv,https://www.reddit.com/r/wallstreetbets/comments/pelanv/coinbase_ceo_brian_armstrong_said_well_be/
wallstreetbets,t3_peht4b,https://www.reddit.com/r/wallstreetbets/comments/peht4b/bb_cybersecurity_and_iot_leader_undervalued_by_10x/
wallstreetbets,t3_pfkr81,https://www.reddit.com/r/wallstreetbets/comments/pfkr81/social_media_bubble/
wallstreetbets,t3_pfjb2a,https://www.reddit.com/r/wallstreetbets/comments/pfjb2a/the_s_way_to_play_the_ev_bubble/
wallstreetbets,t3_pf626r,https://www.reddit.com/r/wallstreetbets/comments/pf626r/bbby_undervalued_and_overshorted/
wallstreetbets,t3_pg3pd4,https://www.reddit.com/r/wallstreetbets/comments/pg3pd4/jakd_for_some_tendies_abbv/
wallstreetbets,t3_phdj5v,https://finance.yahoo.com/video/couldnt-further-market-bubble-cathie-201659433.html
wallstreetbets,t3_piyri4,https://www.reddit.com/r/wallstreetbets/comments/piyri4/the_index_fund_bubble_should_you_be_worried/
wallstreetbets,t3_pjsou7,https://www.reddit.com/r/wallstreetbets/comments/pjsou7/papa_chen_please_take_bb_blackberry_to_the_moon/
wallstreetbets,t3_pl9e83,https://www.reddit.com/gallery/pl9e83
wallstreetbets,t3_pky54p,https://www.prnewswire.com/news-releases/blackberry-delivers-secure-modern-authentication-for-microsoft-365-301372188.html
wallstreetbets,t3_plriqw,https://www.reddit.com/r/wallstreetbets/comments/plriqw/blackberry_is_part_of_the_3_most_shorted_stocks/
wallstreetbets,t3_pmcivi,https://i.redd.it/q0bb58fm1xm71.jpg
wallstreetbets,t3_pnvnr9,https://www.reddit.com/r/wallstreetbets/comments/pnvnr9/bb_technical_analysis_a_monstrous_rip_is_looming/
wallstreetbets,t3_pplnu8,https://i.redd.it/joleodxrfxn71.jpg
wallstreetbets,t3_pqg1wz,https://i.redd.it/nmjcelzvz6o71.jpg
wallstreetbets,t3_pqyfs7,https://www.bloomberg.com/news/articles/2021-09-18/evergrande-moment-of-truth-arrives-with-bond-payment-deadlines
wallstreetbets,t3_pqxzne,https://www.reddit.com/r/wallstreetbets/comments/pqxzne/the_evergrande_default_crisis_could_mean_good/
wallstreetbets,t3_pqr1vg,https://www.reddit.com/r/wallstreetbets/comments/pqr1vg/evergrande_reit/
wallstreetbets,t3_pq8ijp,https://finance.yahoo.com/news/ashmore-among-top-funds-exposure-163211950.html
wallstreetbets,t3_pro105,https://www.reuters.com/world/china/china-evergrande-shares-plummet-default-risks-2021-09-20/
wallstreetbets,t3_prjbdn,https://www.caixinglobal.com/2021-09-20/cover-story-how-evergrande-could-turn-into-chinas-lehman-brothers-101775596.html
wallstreetbets,t3_prj2nr,https://www.reddit.com/gallery/prj2nr
wallstreetbets,t3_prhnu5,https://v.redd.it/1ox5i5uq9jo71
wallstreetbets,t3_pres5t,https://www.reddit.com/r/wallstreetbets/comments/pres5t/evergrande_fud_what_the_china_property_market/
wallstreetbets,t3_pr98gh,https://www.nytimes.com/2021/09/19/business/china-evergrande-debt-protests.html
wallstreetbets,t3_pr8ydr,https://news.yahoo.com/chinas-property-giant-evergrande-veers-172919660.html
wallstreetbets,t3_pr6n01,https://v.redd.it/0mcuih8i9go71
CanadianInvestor,t3_prv07x,https://www.reddit.com/r/CanadianInvestor/comments/prv07x/td_direct_investing_account_webbroker_not_working/
wallstreetbets,t3_ps7i5g,https://www.reddit.com/gallery/ps7i5g
wallstreetbets,t3_ps0vv0,https://www.reddit.com/r/wallstreetbets/comments/ps0vv0/pkx_puts_on_posco_steel_significant_china/
wallstreetbets,t3_ps0d54,https://www.reddit.com/r/wallstreetbets/comments/ps0d54/blackberry_msft_intune_integration_dropped_where/
wallstreetbets,t3_ps03pd,https://www.reddit.com/gallery/ps03pd
wallstreetbets,t3_ps0272,https://www.reddit.com/r/wallstreetbets/comments/ps0272/baba_puts_give_you_exposure_to_both_the_us_market/
wallstreetbets,t3_prze7d,https://i.redd.it/2eh5hy2ryoo71.png
wallstreetbets,t3_pryevk,https://www.reddit.com/r/wallstreetbets/comments/pryevk/why_evergrande_is_not_the_end_of_the_world/
wallstreetbets,t3_prxojw,https://www.reddit.com/r/wallstreetbets/comments/prxojw/why_evergrande_isnt_that_big_of_a_deal/
wallstreetbets,t3_prw5wj,https://v.redd.it/4nrkypq46oo71
CanadianInvestor,t3_psq6e5,https://www.nbcnews.com/tech/tech-news/amazon-relaxes-drug-testing-policies-will-lobby-legalize-marijuana-rcna2133
wallstreetbets,t3_pszz2p,https://asiamarkets.com/imminent-china-evergrande-deal-will-see-ccp-take-control/
wallstreetbets,t3_psyxf5,https://v.redd.it/2oyas6ed4zo71
wallstreetbets,t3_psym31,https://www.bloomberg.com/news/articles/2021-09-22/china-maintains-liquidity-support-amid-evergrande-s-debt-crisis
wallstreetbets,t3_psy6s9,https://www.reuters.com/world/china/china-evergrande-unit-make-359-mln-onshore-coupon-payment-sept-23-2021-09-22/
wallstreetbets,t3_psx5l1,https://www.bloomberg.com/opinion/articles/2021-09-21/evergrande-borrowed-from-everyone
wallstreetbets,t3_psx39w,https://www.reddit.com/r/wallstreetbets/comments/psx39w/china_evergrande_unit_says_to_make_onshore_bond/
wallstreetbets,t3_pswk2i,https://www.reddit.com/r/wallstreetbets/comments/pswk2i/evergrande_echo_chamber_ltda/
wallstreetbets,t3_psqaxt,https://carnegieendowment.org/chinafinancialmarkets/85391
wallstreetbets,t3_psq656,https://www.nbcnews.com/tech/tech-news/amazon-relaxes-drug-testing-policies-will-lobby-legalize-marijuana-rcna2133
wallstreetbets,t3_psnsv1,https://www.reddit.com/r/wallstreetbets/comments/psnsv1/evergrande_misses_some_interest_payments_china/
wallstreetbets,t3_psnpun,https://www.newsweek.com/sp-says-beijing-unlikely-step-evergrande-steps-closer-default-1631265
wallstreetbets,t3_pslt5l,https://www.bloomberg.com/news/articles/2021-09-20/evergrande-blowup-ensnares-stocks-with-pretty-flimsy-china-links
wallstreetbets,t3_pslpax,https://www.reddit.com/r/wallstreetbets/comments/pslpax/bb_blackberry_earnings_play_potential_2_billion/
wallstreetbets,t3_ptm6vi,https://i.redd.it/wz1zskrd56p71.jpg
wallstreetbets,t3_ptlxsd,"https://money.usnews.com/investing/news/articles/2021-09-22/evergrandes-second-biggest-shareholder-plans-to-sell-entire-stake#:~:text=HONG%20KONG%20(Reuters)%20%2D%20Chinese,to%20exit%20the%20holding%20completely."
wallstreetbets,t3_ptlqno,https://www.laohu8.com/m/news/1126640945?lang=en_US&amp;invite=EZTQLU
wallstreetbets,t3_ptir8j,https://i.redd.it/ezuboll255p71.jpg
wallstreetbets,t3_ptidr0,https://www.reddit.com/r/wallstreetbets/comments/ptidr0/bb_blackberry_unleash_the_beast_post_earning/
wallstreetbets,t3_pthyf9,https://v.redd.it/6iujybi7x4p71
wallstreetbets,t3_pthukw,https://www.reuters.com/article/usa-fed-evergrande/evergrande-debt-troubles-seem-particular-to-china-u-s-feds-powell-idUSKBN2GI20Q
wallstreetbets,t3_pthsij,https://www.reddit.com/r/wallstreetbets/comments/pthsij/why_is_no_one_talking_about_bbs_epic_earnings/
wallstreetbets,t3_pthmbf,https://www.reddit.com/r/wallstreetbets/comments/pthmbf/top_trending_tickers_on_wallstreetbets_and_why_a/
wallstreetbets,t3_ptgpqn,https://www.yahoo.com/now/china-injects-18-6-billion-025724361.html
wallstreetbets,t3_ptcliq,https://i.redd.it/crv8f3jhb3p71.png
wallstreetbets,t3_pubafu,https://i.redd.it/8pfnslidddp71.jpg
wallstreetbets,t3_puah76,https://www.bloomberg.com/news/articles/2021-09-24/evergrande-s-ev-unit-plunges-after-report-it-missed-staff-wages?utm_content=business&amp;cmpid=socialflow-twitter-business&amp;utm_campaign=socialflow-organic&amp;utm_medium=social&amp;utm_source=twitter
wallstreetbets,t3_pua60k,https://i.redd.it/4omaqi0b1dp71.jpg
wallstreetbets,t3_pu3xox,https://www.reddit.com/r/wallstreetbets/comments/pu3xox/blackberry_christmas_gift_incoming_bb/
wallstreetbets,t3_pu087h,https://www.reddit.com/r/wallstreetbets/comments/pu087h/bb_blackberry_imo_blackberry_will_double_or_more/
wallstreetbets,t3_ptzbf0,https://i.redd.it/vgf3h5f38ap71.jpg
wallstreetbets,t3_ptywgp,https://i.redd.it/xok572ik4ap71.jpg
wallstreetbets,t3_ptyood,https://i.redd.it/7705nfmn2ap71.jpg
wallstreetbets,t3_ptyn1p,https://www.reddit.com/r/wallstreetbets/comments/ptyn1p/evergrande_is_not_in_a_unique_situation_and_that/
wallstreetbets,t3_puxxi0,https://www.reddit.com/gallery/puxxi0
wallstreetbets,t3_puwnw3,https://www.taiwannews.com.tw/en/news/4295885
wallstreetbets,t3_putz75,https://www.wsj.com/articles/what-the-smart-money-knows-about-chinas-evergrande-crisis-11632495602
wallstreetbets,t3_pu6z25,https://www.reddit.com/r/wallstreetbets/comments/pu6z25/why_bb_blackberry_patent_sale_is_taking_this_long/
wallstreetbets,t3_pw8762,https://www.bloomberg.com/news/articles/2021-09-27/evergrande-pain-spreads-to-wealthy-investors-as-more-interest-payments-missed
wallstreetbets,t3_pw5lzb,https://www.reuters.com/world/china/evergrandes-ev-unit-terminates-plans-issue-rmb-shares-2021-09-26/
wallstreetbets,t3_pw0p1j,https://www.reddit.com/r/wallstreetbets/comments/pw0p1j/the_real_story_behind_evergrande/
wallstreetbets,t3_pvzffl,https://www.ft.com/content/595c3f50-755d-4dcc-afc3-4c993e50a936/
wallstreetbets,t3_pvtzwm,https://www.ft.com/content/595c3f50-755d-4dcc-afc3-4c993e50a936
wallstreetbets,t3_pvtyh3,https://hypebeast.com/2021/9/canoo-lifestyle-vehicle-electric-van
wallstreetbets,t3_pwx75t,https://i.redd.it/au7mrqf5u5q71.jpg
wallstreetbets,t3_pwunvu,https://www.reuters.com/world/china/china-evergrandes-electric-car-units-shares-tumble-23-after-warning-2021-09-27/
wallstreetbets,t3_pxmrch,https://www.reddit.com/r/wallstreetbets/comments/pxmrch/at_the_heart_of_the_smart_city_bb_dd/
wallstreetbets,t3_pxl1p0,https://www.reuters.com/world/china/china-evergrande-transfer-15-bln-stake-shengjing-bank-state-firm-2021-09-29/
wallstreetbets,t3_pxagci,https://www.reuters.com/world/china/china-asking-state-backed-firms-pick-up-evergrande-assets-sources-2021-09-28/
wallstreetbets,t3_py8x6k,https://www.bloomberg.com/news/articles/2021-09-24/the-funds-holding-evergrande-s-distressed-debt-from-ubs-to-saba
wallstreetbets,t3_py3gby,https://www.reuters.com/world/china/investors-brace-rough-ride-evergrande-faces-payment-deadline-2021-09-28/
wallstreetbets,t3_pxzfkt,https://yellowtelegraph.com/2021/09/29/china-evergrande-to-sell-1-5-billion-stakes-in-shengjing-bank-amid-crisis/
wallstreetbets,t3_pyw62p,https://i.redd.it/2x5cgvwncqq71.jpg
wallstreetbets,t3_pyvwsp,https://i.redd.it/f5dojh33aqq71.jpg
wallstreetbets,t3_pyr3y1,https://www.reddit.com/r/wallstreetbets/comments/pyr3y1/top_trending_tickers_on_wallstreetbets_and_why/
wallstreetbets,t3_pyka41,https://i.redd.it/v0voj1lzbnq71.jpg
wallstreetbets,t3_pyjwbb,https://i.redd.it/c132wpza8nq71.jpg
wallstreetbets,t3_pyjprc,https://www.bbc.com/news/world-asia-china-58749594
wallstreetbets,t3_pzg1ne,https://i.redd.it/qok75lxibwq71.jpg
wallstreetbets,t3_pzd2e4,https://i.redd.it/i0kcurt1lvq71.jpg
wallstreetbets,t3_q07ci2,https://www.forbes.com/sites/russellflannery/2021/09/27/goldman-cuts-china-growth-forecast-forecast-amid-energy-squeeze-evergrande-uncertainty-persists/
wallstreetbets,t3_pzxzpg,https://www.forbes.com/sites/williampesek/2021/09/30/goldman-flags-82-trillion-threat-worse-than-china-evergrande/?sh=1dffb19215cc
wallstreetbets,t3_pzxp4d,https://www.reddit.com/r/wallstreetbets/comments/pzxp4d/wejo_and_autonomo_is_not_blackberry_ivy/
wallstreetbets,t3_q0y3ch,https://www.seattletimes.com/business/trading-of-chinas-evergrande-shares-in-hong-kong-suspended/
wallstreetbets,t3_q0wwuo,https://twitter.com/zerohedge/status/1444857577435717633
wallstreetbets,t3_q0wv9b,https://www.nytimes.com/2021/10/03/business/china-evergrande-trading-halt.html
wallstreetbets,t3_q0vws8,https://www.bloomberg.com/news/articles/2021-10-04/evergrande-property-management-unit-suspend-hong-kong-trading
wallstreetbets,t3_q0vtkm,https://www.reddit.com/gallery/q0vtkm
wallstreetbets,t3_q0vmqb,https://www.businessinsider.com/trading-of-evergrande-halted-on-hong-kong-exchange-2021-10
wallstreetbets,t3_q0scje,https://www.bloomberg.com/news/articles/2021-10-03/china-steps-up-efforts-to-ring-fence-evergrande-not-to-save-it?srnd=premium
wallstreetbets,t3_q0qh8d,https://www.bloomberg.com/news/articles/2021-10-02/nervy-markets-await-outcome-for-opaque-bond-tied-to-evergrande
wallstreetbets,t3_q19kf0,https://www.reuters.com/business/china-evergrande-share-trading-halted-hong-kong-2021-10-04/
wallstreetbets,t3_q1scco,https://i.redd.it/4vk66q4qhlr71.jpg
wallstreetbets,t3_q2sk9q,https://www.reddit.com/r/wallstreetbets/comments/q2sk9q/blackberry_and_tesla_killaz/
wallstreetbets,t3_q2k52j,https://www.reddit.com/r/wallstreetbets/comments/q2k52j/public_perception_in_stages_of_a_bubble/
wallstreetbets,t3_q2fr80,https://www.reddit.com/r/wallstreetbets/comments/q2fr80/dot_com_bubble_to_real_estate_bubble_to_fed/
wallstreetbets,t3_q3gp6q,https://www.blackberry.com/us/en/company/newsroom/press-releases/2021/blackberry-and-deloitte-join-forces-to-secure-iot-software-supply-chains
wallstreetbets,t3_q3e06p,https://www.reddit.com/r/wallstreetbets/comments/q3e06p/blackberry_coming_back_for_the_corporate_warrior/
wallstreetbets,t3_q37pzu,https://www.prnewswire.com/news-releases/blackberry-announces-board-committee-refreshment-301394953.html
CanadianInvestor,t3_q4dtj4,https://www.canadianinvestor.com/2021/10/07/blackberry-and-deloitte-join-forces-to-secure-iot-software-supply-chains/
CanadianInvestor,t3_q44cax,https://www.bbc.com/news/business-58847328
wallstreetbets,t3_q4bu5j,https://www.reddit.com/r/wallstreetbets/comments/q4bu5j/evergrande_imminent_default_and_real_estate_crash/
wallstreetbets,t3_q44bzh,https://www.bbc.com/news/business-58847328
wallstreetbets,t3_q3xi20,https://www.reuters.com/world/china/china-evergrandes-offshore-bond-default-imminent-bondholders-advisor-says-2021-10-08/?taid=6160432ed5012e00018e1e1c&amp;utm_campaign=trueAnthem:+Trending+Content&amp;utm_medium=trueAnthem&amp;utm_source=twitter
wallstreetbets,t3_q4oo4n,https://www.reddit.com/r/wallstreetbets/comments/q4oo4n/root_bubba_and_jordan_bring_root_front_and_center/
wallstreetbets,t3_q4grmf,https://www.reuters.com/business/evergrande-says-six-execs-have-returned-funds-advance-redemption-products-2021-10-09/
wallstreetbets,t3_q5ns33,https://www.reuters.com/world/china/china-evergrande-bondholders-brace-mondays-coupon-deadline-2021-10-11/
wallstreetbets,t3_q5mztq,https://www.reuters.com/world/china/fundraising-by-china-property-trust-products-slump-amid-evergrande-woes-media-2021-10-11/?taid=61639aa490c5510001bb2211&amp;utm_campaign=trueAnthem:+Trending+Content&amp;utm_medium=trueAnthem&amp;utm_source=twitter
wallstreetbets,t3_q6crq0,https://www.reddit.com/r/wallstreetbets/comments/q6crq0/bbby_due_dilly/
wallstreetbets,t3_q5wx2p,https://www.nytimes.com/2021/10/11/business/evergrande-bond-payments.html
wallstreetbets,t3_q72smt,https://www.bloomberg.com/news/articles/2021-10-13/stanchart-ceo-sees-no-lehman-moment-for-china-evergrande-update
wallstreetbets,t3_q6zxl7,https://investingnews.com/news/mobile-web-investing/blackberry-google-and-qualcomm-join-forces-to-drive-advancements-in-next-generation-automotive-cockpits/
wallstreetbets,t3_q6vfhx,https://www.ctvnews.ca/business/evergrande-misses-3rd-round-of-bond-coupon-payments-intensifying-contagion-fears-1.5619501
wallstreetbets,t3_q7qa46,https://www.reddit.com/r/wallstreetbets/comments/q7qa46/about_the_whole_evergrande_thing/
wallstreetbets,t3_q7on6f,https://www.reddit.com/r/wallstreetbets/comments/q7on6f/bb_yall_dont_talk_enough_about_blackberry_here/
wallstreetbets,t3_q7nm3o,https://www.reddit.com/r/wallstreetbets/comments/q7nm3o/the_bubbles_going_to_pop_soon/
wallstreetbets,t3_q7glo9,https://www.reddit.com/r/wallstreetbets/comments/q7glo9/china_evergrande_falling_dominoes/
wallstreetbets,t3_q7cm1k,https://finance.yahoo.com/news/blackberry-google-qualcomm-join-forces-235200823.html
CanadianInvestor,t3_q83dju,https://www.reddit.com/r/CanadianInvestor/comments/q83dju/taking_profits_due_to_bubbles_but_counter_to_your/
wallstreetbets,t3_q8ac08,https://www.reddit.com/r/wallstreetbets/comments/q8ac08/blackberry_ev_iot_design_wins_update_part_ii_and/
wallstreetbets,t3_q7yy86,https://i.redd.it/5jbbevy6wet71.png
CanadianInvestor,t3_q8uisj,https://www.cbc.ca/news/business/ubs-housing-bubble-2021-1.6209369
wallstreetbets,t3_q8t76h,https://www.bnnbloomberg.ca/china-s-central-bank-breaks-silence-on-evergrande-1.1666744
wallstreetbets,t3_q8pdlj,https://www.reuters.com/article/china-evergrande-debt-yuexiu-property-ex-idUSKBN2H50O4
wallstreetbets,t3_q8lwfs,https://i.redd.it/6avjs83qglt71.jpg
wallstreetbets,t3_q94j36,https://i.redd.it/05pjomkelqt71.png
wallstreetbets,t3_qa54y7,https://i.redd.it/lm3arndb52u71.png
CanadianInvestor,t3_qb2rrx,https://www.reddit.com/r/CanadianInvestor/comments/qb2rrx/lost_15k_due_to_td_webbroker_outage_today/
wallstreetbets,t3_qb329g,https://www.bloomberg.com/news/articles/2021-10-19/yuan-payment-due-china-to-sell-dollar-bonds-evergrande-update?srnd=premium
wallstreetbets,t3_qatwhb,https://www.reddit.com/r/wallstreetbets/comments/qatwhb/bb_is_an_enticing_investment_smart_short_and_long/
wallstreetbets,t3_qag0kc,https://www.bloomberg.com/news/articles/2021-10-18/china-home-sales-plunge-17-as-evergrande-crisis-deters-buyers
wallstreetbets,t3_qbr823,https://www.bloomberg.com/news/articles/2021-10-20/chinese-developer-sinic-defaults-as-evergrande-contagion-spreads
wallstreetbets,t3_qbohan,https://www.reuters.com/world/china/chinese-property-bonds-firm-after-kaisa-sunac-make-coupon-payments-2021-10-19/
wallstreetbets,t3_qbjx0e,https://www.reddit.com/r/wallstreetbets/comments/qbjx0e/bb_these_are_crucial_moments/
wallstreetbets,t3_qbit4j,https://i.redd.it/i0v7khu0kgu71.jpg
wallstreetbets,t3_qbgar3,https://patft.uspto.gov/netacgi/nph-Parser?Sect1=PTO2&amp;Sect2=HITOFF&amp;u=%2Fnetahtml%2FPTO%2Fsearch-adv.htm&amp;r=2803&amp;f=G&amp;l=50&amp;d=PTXT&amp;p=57&amp;S1=20211019&amp;OS=20211019&amp;RS=20211019
wallstreetbets,t3_qbc51d,https://www.hstoday.us/industry/blackberry-and-deloitte-join-forces-to-secure-software-supply-chains/
wallstreetbets,t3_qcgjj3,https://www.reddit.com/gallery/qcgjj3
wallstreetbets,t3_qcg94y,https://ph.news.yahoo.com/evergrande-resume-trading-talks-end-004940068.html
wallstreetbets,t3_qc8i24,https://www.reuters.com/world/china/china-evergrande-says-property-services-stake-sale-terminated-2021-10-20/
wallstreetbets,t3_qc7ty2,https://www.reddit.com/r/wallstreetbets/comments/qc7ty2/bb_crosses_200_day_average_now_what/
wallstreetbets,t3_qc2a7y,https://v.redd.it/ohvhfkrq8mu71
wallstreetbets,t3_qbyrgx,https://www.intelligentcio.com/eu/2021/10/20/blackberry-secures-group-phone-calls-and-messages-from-high-risk-eavesdropping/
wallstreetbets,t3_qbtn5f,https://www.theguardian.com/business/2021/oct/20/china-evergrande-group-crisis-clock-ticking-as-crucial-debt-deadline-looms
wallstreetbets,t3_qd8ynk,https://www.reuters.com/world/china/china-evergrande-sends-funds-trustee-bond-coupon-due-sept-23-source-2021-10-22/
wallstreetbets,t3_qd83n7,https://www.wsj.com/articles/china-evergrande-makes-overdue-interest-payment-on-dollar-bonds-state-media-says-11634869419
wallstreetbets,t3_qd6ugr,https://www.cnbc.com/2021/10/22/evergrande-has-made-83point5-million-bond-interest-payment-chinese-media.html
wallstreetbets,t3_qcx8op,https://v.redd.it/9h73rdpybuu71
wallstreetbets,t3_qcx2z8,https://www.cnbc.com/2021/10/21/china-evergrande-secures-bond-extension.html
wallstreetbets,t3_qct9z3,https://www.reddit.com/r/wallstreetbets/comments/qct9z3/blackberry_bb_technical_analysis_for_the_next_612/
wallstreetbets,t3_qcswmi,https://v.redd.it/al8mq5albtu71
wallstreetbets,t3_qcrk9p,https://www.aljazeera.com/news/2021/10/21/shares-in-chinas-evergrande-plunge-as-deal-collapses?taid=6170f3d47778c400018ec8d5&amp;utm_campaign=trueAnthem%3A+Trending+Content&amp;utm_medium=trueAnthem&amp;utm_source=twitter
wallstreetbets,t3_qcnwed,https://www.digitaljournal.com/business/troubled-developer-evergrande-to-resume-trading-warns-of-financial-obligations/article
wallstreetbets,t3_qclus0,https://medium.com/swlh/the-curious-case-of-my-blackberry-patents-fa3ec69182f9
wallstreetbets,t3_qcl1tl,https://www.reddit.com/r/wallstreetbets/comments/qcl1tl/the_passive_index_investing_bubble_is_causing/
wallstreetbets,t3_qdpow0,https://www.fiercepharma.com/pharma/bristol-myers-squibb-after-passing-acceleron-now-eyes-aurinia-takeout-bloomberg
wallstreetbets,t3_qdjckh,https://www.reddit.com/r/wallstreetbets/comments/qdjckh/get_ready_blackberry_ivy_for_smart_cities_and/
wallstreetbets,t3_qdj39u,https://i.redd.it/095b562eq0v71.jpg
wallstreetbets,t3_qe9l67,https://www.reddit.com/r/wallstreetbets/comments/qe9l67/blackberry_comparison_analysis_part_i/
wallstreetbets,t3_qh44rf,https://i.redd.it/xy703sz0l1w71.jpg
wallstreetbets,t3_qi2ff4,https://www.reddit.com/gallery/qi2ff4
wallstreetbets,t3_qi02h8,https://www.reddit.com/r/wallstreetbets/comments/qi02h8/blackberry_juice_crayons/
wallstreetbets,t3_qij55h,https://i.redd.it/l72c9jbvmfw71.jpg
wallstreetbets,t3_qitibp,https://i.redd.it/b64ohu96hiw71.png
wallstreetbets,t3_qk5pj5,https://www.bloomberg.com/news/articles/2021-11-01/developer-faces-another-bond-payment-deadline-evergrande-update
CanadianInvestor,t3_qknadc,https://www.reddit.com/r/CanadianInvestor/comments/qknadc/webbroker_customer_service_hold_music_changed_to/
wallstreetbets,t3_qkqr5d,https://i.redd.it/z70ckuoui2x71.jpg
wallstreetbets,t3_qllhu6,https://i.redd.it/6c4ozxtrsax71.jpg
wallstreetbets,t3_qllbz0,https://www.reddit.com/r/wallstreetbets/comments/qllbz0/bbby_continued_digital_penetration/
wallstreetbets,t3_qlkczc,https://www.reddit.com/gallery/qlkczc
wallstreetbets,t3_qleotw,https://www.reddit.com/gallery/qleotw
wallstreetbets,t3_qlek68,https://www.reddit.com/r/wallstreetbets/comments/qlek68/bbby_shorts_were_caught_with_their_pants_down/
wallstreetbets,t3_ql7mif,https://i.redd.it/2k607ig4i7x71.jpg
wallstreetbets,t3_qm1mjz,https://www.reddit.com/r/wallstreetbets/comments/qm1mjz/bbby_can_we_talk_about_this/
wallstreetbets,t3_qm0z5t,https://i.redd.it/g22ny1mscfx71.jpg
wallstreetbets,t3_qm09kj,https://i.redd.it/k5s3s9xx6fx71.jpg
wallstreetbets,t3_qlxhfg,https://i.redd.it/4cvf1a5fkex71.jpg
wallstreetbets,t3_qlwn2i,https://i.redd.it/xxbk4e3zcex71.png
wallstreetbets,t3_qmz180,https://i.redd.it/7x36oowt9ox71.jpg
wallstreetbets,t3_qmus0d,https://www.reddit.com/gallery/qmus0d
wallstreetbets,t3_qmrmju,https://i.redd.it/5eb1txtokmx71.jpg
wallstreetbets,t3_qnskal,https://i.redd.it/qiuftkw8iwx71.jpg
wallstreetbets,t3_qnju2c,https://i.redd.it/dx8r1zxe6ux71.jpg
wallstreetbets,t3_qnisz3,https://i.redd.it/xdtws3nhxtx71.jpg
wallstreetbets,t3_qniqqu,https://i.redd.it/2hvm4zpxwtx71.jpg
wallstreetbets,t3_qngmst,https://citronresearch.com/
wallstreetbets,t3_qng013,https://www.reddit.com/gallery/qng013
wallstreetbets,t3_qnevn2,https://www.reddit.com/r/wallstreetbets/comments/qnevn2/gme_god_reveals_the_secret_behind_bbby/
wallstreetbets,t3_qocapi,https://www.reddit.com/r/wallstreetbets/comments/qocapi/tesla_tank_on_monday_did_elons_tweet_just_make_my/
wallstreetbets,t3_qo8l4k,https://i.redd.it/jo7mx6zxb1y71.png
wallstreetbets,t3_qo5mlh,https://www.reddit.com/r/wallstreetbets/comments/qo5mlh/bb_blackberry_mic_drop_ai_cybersecurity_and/
wallstreetbets,t3_qnz5vn,https://quantisnow.com/insight/1970833?s=s
wallstreetbets,t3_qpsjd3,https://www.reddit.com/r/wallstreetbets/comments/qpsjd3/bbby_10_bagger_like_rh/
wallstreetbets,t3_qpk4j0,https://www.reddit.com/r/wallstreetbets/comments/qpk4j0/miller_value_partners_belives_bbby_after_buy_back/
wallstreetbets,t3_qql3bq,https://i.redd.it/jmp8skr8uoy71.jpg
wallstreetbets,t3_qqc3sa,https://www.reddit.com/r/wallstreetbets/comments/qqc3sa/dd_inbound_bullish_projections_on_bbby/
wallstreetbets,t3_qrb0u5,https://i.redd.it/glfcu0bervy71.png
wallstreetbets,t3_qr5990,https://www.bloomberg.com/news/articles/2021-11-10/evergrande-said-to-pay-delayed-interest-on-at-least-two-bonds
wallstreetbets,t3_qr4pl7,https://www.reddit.com/gallery/qr4pl7
wallstreetbets,t3_qr4nrr,https://www.reddit.com/r/wallstreetbets/comments/qr4nrr/bloomberg_evergrande_makes_delayed_interest/
wallstreetbets,t3_qr2qi7,https://twitter.com/LaurenSHirsch/status/1458516180247973888?t=yzc8EvV3NlkUjijlQoS49A&amp;s=19
wallstreetbets,t3_qr2ahw,https://www.prnewswire.com/news-releases/evergrande-officially-defaulted---dmsa-is-preparing-bankruptcy-proceedings-against-evergrande-group-301421327.html
wallstreetbets,t3_qr19gc,https://www.reddit.com/r/wallstreetbets/comments/qr19gc/bbby_shorts_are_caught_with_their_pants_down_part/
wallstreetbets,t3_qqzdqm,https://www.reddit.com/r/wallstreetbets/comments/qqzdqm/the_conversation_continues_bbby_can_we_talk/
CanadianInvestor,t3_qte1z6,https://www.reddit.com/r/CanadianInvestor/comments/qte1z6/insight_on_19891996_canadian_housing_bubble_burst/
wallstreetbets,t3_qthuap,https://www.electravehicles.com/post/blackberry-ivy-electra-eve-ai-take-on-secure-data-collection-for-ai-powered-ev-batteries
wallstreetbets,t3_qtd5b8,https://www.reddit.com/r/wallstreetbets/comments/qtd5b8/the_forgotten_bb/
wallstreetbets,t3_qtcr3h,https://newsnationusa.com/news/business/global-financial-crash-china-evergrande-heading-for-bankruptcy-in-days/
wallstreetbets,t3_qt4cte,https://www.reddit.com/r/wallstreetbets/comments/qt4cte/bb_blackberry_january_launch_date_imminent/
wallstreetbets,t3_qu13w2,https://www.reddit.com/r/wallstreetbets/comments/qu13w2/bbby_long_dd/
wallstreetbets,t3_qu0dd2,https://i.redd.it/qh1smxhitmz71.jpg
wallstreetbets,t3_qttn15,https://v.redd.it/eqbnt367alz71
wallstreetbets,t3_qts4yg,https://www.techradar.com/news/cryptominers-now-gobbling-up-amd-cpus-because-graphics-cards-are-too-expensive
wallstreetbets,t3_qu77t9,https://v.redd.it/so8nnjpckoz71
wallstreetbets,t3_qu5ora,https://www.reddit.com/r/wallstreetbets/comments/qu5ora/what_caused_chinas_economy_slowdown_power/
wallstreetbets,t3_quizwg,https://i.redd.it/sy3pv3i33sz71.jpg
wallstreetbets,t3_qubsmr,https://www.reddit.com/r/wallstreetbets/comments/qubsmr/evergrande_owes_a_255m_interest_payment_on/
wallstreetbets,t3_qvoj3h,https://www.reddit.com/r/wallstreetbets/comments/qvoj3h/xu_jiayin_sold_personal_assets_and_invest_over/
wallstreetbets,t3_qvfn8c,https://companiesmarketcap.com/automakers/largest-automakers-by-market-cap/
CanadianInvestor,t3_qw8vaq,https://www.reddit.com/r/CanadianInvestor/comments/qw8vaq/anyone_holding_bbdb/
wallstreetbets,t3_qwgucr,https://www.reddit.com/r/wallstreetbets/comments/qwgucr/the_mother_of_all_bubbles/
wallstreetbets,t3_qwa8hu,https://www.reddit.com/r/wallstreetbets/comments/qwa8hu/evergrande_saga_another_company_joining_in_the/
wallstreetbets,t3_qwa6p3,https://www.reddit.com/r/wallstreetbets/comments/qwa6p3/alibaba_has_nothing_to_do_with_evergrande/
wallstreetbets,t3_qw3wyn,https://i.redd.it/ddwb4izbu6081.jpg
wallstreetbets,t3_qw2z6e,https://www.cnbc.com/2021/11/17/european-central-bank-warns-of-bubbles-in-property-and-financial-markets-.html
wallstreetbets,t3_qvy6j5,https://i.redd.it/pby400tuf5081.jpg
wallstreetbets,t3_qvxw3l,https://www.reddit.com/r/wallstreetbets/comments/qvxw3l/ev_bubble/
wallstreetbets,t3_qvx70d,https://www.asiamarkets.com/evergrande-founder-sells-mansions-and-private-jets-to-cover-debts/
wallstreetbets,t3_qx7e6u,https://i.redd.it/dy966z294h081.jpg
wallstreetbets,t3_qxpla7,https://i.redd.it/53iuwyvfam081.png
wallstreetbets,t3_qxnitw,https://www.reuters.com/markets/us/investor-ackman-says-us-facing-classic-bubble-fueled-by-feds-easy-money-policy-2021-11-18/
wallstreetbets,t3_qxjw8t,https://www.reddit.com/r/wallstreetbets/comments/qxjw8t/bbby_dd_i_wanted_to_add_gifs_but_ate_too_much/
CanadianInvestor,t3_qykof8,https://v.redd.it/4w3mpasbou081
wallstreetbets,t3_qyhjq0,https://v.redd.it/6s3qk47x3u081
wallstreetbets,t3_qyafwt,https://i.redd.it/6i4jywjbds081.jpg
wallstreetbets,t3_qz59jp,https://www.reddit.com/r/wallstreetbets/comments/qz59jp/historical_post_earnings_moves_mega_compilation/
wallstreetbets,t3_r04y8n,https://i.redd.it/cidh6i82x9181.jpg
wallstreetbets,t3_r00sao,https://i.redd.it/jf024m1jt8181.png
wallstreetbets,t3_qzx2du,https://www.reddit.com/r/wallstreetbets/comments/qzx2du/you_all_may_want_to_consider_grabbing_your/
wallstreetbets,t3_qzvgpf,https://i.redd.it/65o3eu5dm7181.jpg
wallstreetbets,t3_qzpo1q,https://www.reddit.com/gallery/qzpo1q
wallstreetbets,t3_r0exui,https://www.reddit.com/gallery/r0exui
wallstreetbets,t3_r18f5n,https://i.redd.it/ns86tyofgk181.jpg
wallstreetbets,t3_r18dmo,https://www.reddit.com/r/wallstreetbets/comments/r18dmo/mu_micron_technologies_dd_part_2_more_concise_a/
wallstreetbets,t3_r17vyb,https://www.reddit.com/gallery/r17vyb
wallstreetbets,t3_r17947,https://www.fxstreet.com/news/gamestop-stock-price-and-forecast-gme-falls-13-and-targets-a-break-of-200-202111241340
wallstreetbets,t3_r1757f,https://www.reddit.com/gallery/r1757f
wallstreetbets,t3_r16lvr,https://i.redd.it/zx9eh6kg1k181.jpg
wallstreetbets,t3_r169bf,https://www.reddit.com/r/wallstreetbets/comments/r169bf/aaww_dd_part_4_your_transitory_is_showing/
wallstreetbets,t3_r15b37,https://v.redd.it/tg6ynho8qj181
wallstreetbets,t3_r159r0,https://i.redd.it/pzxolwwypj181.png
wallstreetbets,t3_r14bem,https://www.cnbc.com/2021/11/24/cathie-wood-says-firm-is-testing-a-more-aggressive-strategy-that-would-be-ark-on-steroids.html?__source=iosappshare%7Ccom.apple.UIKit.activity.CopyToPasteboard
wallstreetbets,t3_r1472s,https://www.reddit.com/r/wallstreetbets/comments/r1472s/blackberry_is_more_than_a_meme_and_heres_why/
wallstreetbets,t3_r13d7j,https://www.reddit.com/r/wallstreetbets/comments/r13d7j/who_tf_is_actually_buying_rivn_shares_at_this/
wallstreetbets,t3_r138ie,https://adonfinance.com/dollar-stable-ahead-of-fed-minutes-turkish-lira-new-zealand-dollar-fall-back/
wallstreetbets,t3_r10k2p,https://www.reddit.com/r/wallstreetbets/comments/r10k2p/bb_very_clean_setup_for_bullish_reversal/
wallstreetbets,t3_r0xnap,https://www.reddit.com/r/wallstreetbets/comments/r0xnap/klic_september_quarter_dd/
wallstreetbets,t3_r0wlf5,https://i.redd.it/w5etlr84yg181.png
wallstreetbets,t3_r0ub26,https://www.clickorlando.com/news/local/2021/11/23/general-mills-to-raise-prices-in-2022-supplier-says/
wallstreetbets,t3_r0qkxi,https://www.reddit.com/r/wallstreetbets/comments/r0qkxi/the_only_sava_dd_you_need_to_know/
wallstreetbets,t3_r0qdvi,https://i.redd.it/hysrorpojf181.jpg
wallstreetbets,t3_r1hc4x,https://www.reddit.com/r/wallstreetbets/comments/r1hc4x/hit_me_bb_one_more_time_papa_chen_about_to_close/
wallstreetbets,t3_r1exhy,https://www.reddit.com/gallery/r1exhy
wallstreetbets,t3_r1djhr,https://www.reddit.com/r/wallstreetbets/comments/r1djhr/dkng_dd_for_my_yolo/
wallstreetbets,t3_r1diot,https://www.reddit.com/r/wallstreetbets/comments/r1diot/why_you_should_be_sucking_dks_right_now_a_dicks/
wallstreetbets,t3_r1bkag,https://www.reddit.com/gallery/r1bkag
wallstreetbets,t3_r25zip,https://i.redd.it/zwom4kgrzs181.jpg
wallstreetbets,t3_r25kr0,https://www.reddit.com/r/wallstreetbets/comments/r25kr0/on_semiconductor_dd/
wallstreetbets,t3_r25exa,https://i.redd.it/merhshh0vs181.jpg
wallstreetbets,t3_r30e9u,https://www.caixinglobal.com/2021-11-27/evergrande-founder-cuts-stake-to-raise-344-million-101810521.html
wallstreetbets,t3_r2u8rr,https://www.bloomberg.com/news/articles/2021-11-26/evergrande-s-billionaire-founder-sells-stake-for-344-million
wallstreetbets,t3_r2txaj,https://i.redd.it/wbai235fjz181.jpg
wallstreetbets,t3_r2t08z,https://i.redd.it/hrd3r9wkbz181.png
wallstreetbets,t3_r2r1ba,https://i.redd.it/nardn6aruy181.jpg
wallstreetbets,t3_r3d86l,https://www.reddit.com/r/wallstreetbets/comments/r3d86l/logi_logitech_deepdive_adderallfueled_dd_the/
wallstreetbets,t3_r491zl,https://www.reddit.com/r/wallstreetbets/comments/r491zl/tsm_dd_the_most_important_worst_performing/
wallstreetbets,t3_r48s1r,https://www.reddit.com/r/wallstreetbets/comments/r48s1r/pstg_serious_company_serious_dd_it_will_do_really/
CanadianInvestor,t3_r52y0u,https://www.reddit.com/r/CanadianInvestor/comments/r52y0u/td_webbroker_login_problems_today/
wallstreetbets,t3_r569yf,https://i.redd.it/crkvp4dyrl281.jpg
wallstreetbets,t3_r522vr,https://www.reddit.com/r/wallstreetbets/comments/r522vr/himx_is_a_fukin_no_brainer_and_a_bargain_at_this/
wallstreetbets,t3_r51319,https://i.redd.it/idyozbcjmk281.jpg
wallstreetbets,t3_r65ycr,https://www.reddit.com/r/wallstreetbets/comments/r65ycr/wedding_invite_discovery_disca_and_warnermedia/
wallstreetbets,t3_r5xrqy,https://i.redd.it/wri6mn65vs281.jpg
CanadianInvestor,t3_r6en9n,/r/investing/comments/r6e0ep/are_we_in_a_bubble_comparing_the_current_stock/
wallstreetbets,t3_r6xs1k,https://www.reddit.com/r/wallstreetbets/comments/r6xs1k/pton_leveraged_highvalue_growth_w_omicron_as_a/
wallstreetbets,t3_r6wayd,https://www.reddit.com/r/wallstreetbets/comments/r6wayd/daddy_jpow_the_hawk_in_doves_clothing/
wallstreetbets,t3_r6v1jt,https://i.redd.it/kk8w9sme71381.jpg
wallstreetbets,t3_r6v0qg,https://i.redd.it/sxq6fyc471381.png
wallstreetbets,t3_r6v0gn,https://i.redd.it/x0u8r1z471381.jpg
wallstreetbets,t3_r6u6pt,https://i.redd.it/qeozogs101381.jpg
wallstreetbets,t3_r6qnvu,https://www.reddit.com/r/wallstreetbets/comments/r6qnvu/space_x_bankruptcy_rumours_huge_announcement_rklb/
wallstreetbets,t3_r6pzn0,https://www.reddit.com/gallery/r6pzn0
wallstreetbets,t3_r6isiq,https://www.reddit.com/r/wallstreetbets/comments/r6isiq/simo_dd_an_undervalued_play_in_computer_memory/
wallstreetbets,t3_r7g9gc,https://www.reddit.com/r/wallstreetbets/comments/r7g9gc/price_differences_in_straddles_free_money/
wallstreetbets,t3_r7dwvp,https://i.redd.it/k6zxyhrua6381.jpg
wallstreetbets,t3_r7dlwm,https://www.reddit.com/r/wallstreetbets/comments/r7dlwm/nio_addressing_nearterm_risks/
wallstreetbets,t3_r8gaht,https://www.reddit.com/r/wallstreetbets/comments/r8gaht/straddling_the_shit_out_of_this_market/
wallstreetbets,t3_r8a6sj,https://www.reddit.com/r/wallstreetbets/comments/r8a6sj/i_learned_my_lesson_a_robbinghood_story/
wallstreetbets,t3_r89vdy,https://i.redd.it/j96aay7mde381.jpg
wallstreetbets,t3_r89eh2,https://i.redd.it/e5j8rd7b9e381.jpg
wallstreetbets,t3_r88rx4,https://i.redd.it/alhv7wu44e381.png
wallstreetbets,t3_r86lvi,https://www.reddit.com/r/wallstreetbets/comments/r86lvi/dollar_tree_dltr_needs_to_follow_suit_gtfih_bears/
wallstreetbets,t3_r85w4n,https://i.redd.it/373h2vamgd381.jpg
wallstreetbets,t3_r839ze,https://www.reddit.com/r/wallstreetbets/comments/r839ze/bb_blackberry_the_sweetest_of_fruits_dd_inside/
wallstreetbets,t3_r82s19,https://www.asiafinancial.com/china-evergrande-warns-of-non-payment-over-260m-demand
wallstreetbets,t3_r80xfr,https://i.redd.it/xy5wfmfkdc381.png
wallstreetbets,t3_r80kge,https://www.reddit.com/gallery/r80kge
wallstreetbets,t3_r8z3t7,https://www.reddit.com/r/wallstreetbets/comments/r8z3t7/bb_due_diligence/
wallstreetbets,t3_r8ss19,http://www.china.org.cn/business/2021-12/04/content_77910172.htm
wallstreetbets,t3_r8m8nc,https://v.redd.it/tglhroljxh381
wallstreetbets,t3_r9y07b,https://www.reuters.com/world/china/china-evergrande-shares-set-fall-71-after-it-says-no-guarantee-it-can-meet-2021-12-06/?utm_campaign=trueAnthem%3A+Trending+Content&amp;utm_medium=trueAnthem&amp;utm_source=facebook&amp;fbclid=IwAR3jLal9PfqlxLtYW_mQkoVCzDsuV9Py5zQelhuFDDHq8FH9ZWWnYA2qmFQ
CanadianInvestor,t3_ramhfh,https://www.reddit.com/r/CanadianInvestor/comments/ramhfh/im_ready_to_start_dabbling_into_options_what_are/
wallstreetbets,t3_ral4lg,https://i.redd.it/1eewz9mjd0481.jpg
wallstreetbets,t3_rafgfj,https://www.reddit.com/r/wallstreetbets/comments/rafgfj/bb_blackberry_is_ready_to_launch_list_of_upcoming/
wallstreetbets,t3_rae9mo,https://www.reddit.com/r/wallstreetbets/comments/rae9mo/dave_and_busters_quick_dd_ticker_is_play/
wallstreetbets,t3_ra7b73,https://www.reddit.com/r/wallstreetbets/comments/ra7b73/china_fud_peddlers_called_out_by_china_sec/
wallstreetbets,t3_rbevg6,https://www.abc.net.au/news/2021-12-08/evergrande-default-debt-developers-china/100682242
wallstreetbets,t3_rb5rc8,https://www.express.co.uk/finance/city/1531946/global-financial-crash-evergrande-bond-repayment-world-finance
wallstreetbets,t3_rb3div,https://www.reddit.com/r/wallstreetbets/comments/rb3div/zim_shipping_me_to_the_moon/
wallstreetbets,t3_rb1gbd,https://www.reddit.com/r/wallstreetbets/comments/rb1gbd/draftkings_dkng_dd_bullish_case_for_explosive/
wallstreetbets,t3_rayuwm,https://www.thestreet.com/memestocks/other-memes/blackberry-stock-3-growth-catalysts-for-2022
wallstreetbets,t3_rau017,https://finance.yahoo.com/news/explainer-whats-next-china-evergrande-064158066.html
CanadianInvestor,t3_rc1htc,https://www.reddit.com/r/CanadianInvestor/comments/rc1htc/how_to_transfer_stocks_in_kind_from_td_webbroker/
wallstreetbets,t3_rca627,https://www.reddit.com/r/wallstreetbets/comments/rca627/bearish_bb_post/
wallstreetbets,t3_rc34jj,https://www.reddit.com/r/wallstreetbets/comments/rc34jj/vale_to_the_moon_detailed_dd_inside/
wallstreetbets,t3_rbt4sm,https://www.theverge.com/2021/12/8/22822993/reddit-recap-top-three-posts-2021-wallstreetbets-stonks-personalized
wallstreetbets,t3_rcxrg3,https://www.reddit.com/r/wallstreetbets/comments/rcxrg3/riddle_me_this_why_so_abused_and_attacked_on_the/
wallstreetbets,t3_rctbay,https://www.cnn.com/2021/12/09/investing/evergrande-default-fitch-intl-hnk/index.html
wallstreetbets,t3_rcjhgz,https://www.reddit.com/r/wallstreetbets/comments/rcjhgz/chewy_chwy_dd_and_50k_put_yolo/
wallstreetbets,t3_rciq7y,https://www.bnnbloomberg.ca/evergrande-defaults-for-first-time-as-china-debt-strains-spread-1.1693265?fbclid=IwAR1OhRSe1QXKbOdG902DFfCjNKbLAPE_ZLOj9JlmcsUpXFt6hpvgXojg6zs
wallstreetbets,t3_rci4ez,https://i.redd.it/joo5h45gvi481.jpg
wallstreetbets,t3_rcet36,https://www.bloomberg.com/news/articles/2021-12-09/evergrande-defaults-for-first-time-as-china-debt-strains-spread?sref=PFCuwcPr&amp;utm_campaign=socialflow-organic&amp;utm_medium=social&amp;utm_source=twitter&amp;utm_content=business&amp;cmpid=socialflow-twitter-business
Baystreetbets,t3_rcvxqa,https://www.reddit.com/r/Baystreetbets/comments/rcvxqa/iinn_stock_could_skyrocket_again_tomorrow/
Baystreetbets,t3_rct8ff,https://www.youtube.com/watch?v=tHo3rlA7C7M
Baystreetbets,t3_rcqb6c,https://www.reddit.com/r/Baystreetbets/comments/rcqb6c/this_big_data_company_isnt_evil_letting_users_in/
wallstreetbets,t3_rdp1je,https://www.reddit.com/r/wallstreetbets/comments/rdp1je/dd_emerging_markets_will_be_flat_for_the/
wallstreetbets,t3_rdn6jv,https://v.redd.it/sqwa48lg7t481
wallstreetbets,t3_rdk347,https://www.reddit.com/r/wallstreetbets/comments/rdk347/electric_vehicles_a_bubble_to_be_burst/
wallstreetbets,t3_rdcrej,https://i.redd.it/1wrvxc2xuq481.jpg
wallstreetbets,t3_rdc4e8,https://www.cnn.com/2021/12/10/business/evergrande-government-intervention-intl-hnk/index.html
wallstreetbets,t3_regyu6,https://www.bloomberg.com/news/articles/2021-12-11/airbnb-lucid-and-zscaler-added-to-nasdaq-100-tech-benchmark
CanadianInvestor,t3_rezq8q,https://www.bbc.com/news/business-59610019.amp
wallstreetbets,t3_rf7mco,https://www.reddit.com/r/wallstreetbets/comments/rf7mco/bbai_big_bear_ai_recent_despac_with_huge_potential/
wallstreetbets,t3_rekvn0,https://www.reddit.com/r/wallstreetbets/comments/rekvn0/fedex_heading_into_the_shits_discussion_with_some/
wallstreetbets,t3_rfl3hq,https://www.reddit.com/r/wallstreetbets/comments/rfl3hq/are_we_in_a_bubble_or_heading_to_a_bubble_when/
wallstreetbets,t3_rfi5c0,https://www.reddit.com/r/wallstreetbets/comments/rfi5c0/if_a_return_of_corona_and_lockdown_is_comming/
wallstreetbets,t3_rge89w,https://www.reddit.com/r/wallstreetbets/comments/rge89w/i_think_affirm_afrm_is_in_some_trouble_dd/
Baystreetbets,t3_rgkw6s,https://www.newswire.ca/news-releases/ontario-superior-court-of-justice-rules-in-favour-of-cineplex-804403699.html
Baystreetbets,t3_rggxtk,https://www.reddit.com/r/Baystreetbets/comments/rggxtk/cbdu_full_dd_feeling_bullish_about_this_cbdnoncbd/
wallstreetbets,t3_rhhdkg,https://i.redd.it/7rilrl4uqt581.jpg
wallstreetbets,t3_rhh6hr,https://i.redd.it/cbqdcbp1pt581.png
wallstreetbets,t3_rhh2fx,https://www.forexlive.com/news/reddit-has-filed-for-an-ipo-20211216/
wallstreetbets,t3_rhgyq9,https://www.bloomberg.com/news/articles/2021-12-16/media-platform-reddit-says-it-filed-confidentially-for-u-s-ipo
wallstreetbets,t3_rhgwp7,https://www.reuters.com/markets/us/reddit-files-us-ipo-2021-12-16/
wallstreetbets,t3_rhgm7y,https://www.cnbc.com/2021/12/15/reddit-files-to-go-public-.html?&amp;qsearchterm=reddit
wallstreetbets,t3_rhgfob,https://www.cnbc.com/2021/12/15/reddit-files-to-go-public-.html
wallstreetbets,t3_rhg63l,https://www.redditinc.com/blog/reddit-announces-confidential-submission-of-draft-registration-statement-related-to-proposed-public-offering
wallstreetbets,t3_rhfv2j,https://www.prnewswire.com/news-releases/reddit-announces-confidential-submission-of-draft-registration-statement-related-to-proposed-public-offering-301446048.html
wallstreetbets,t3_rhfa17,https://www.reddit.com/gallery/rhfa17
wallstreetbets,t3_rhdk6g,https://www.yahoo.com/finance/news/china-bubble-bursting-wall-street-200000967.html
wallstreetbets,t3_rh9buy,https://i.redd.it/4laufnextr581.jpg
wallstreetbets,t3_rh4dsh,https://i.redd.it/g6tkavvgrq581.jpg
wallstreetbets,t3_ri58nl,https://www.reddit.com/r/wallstreetbets/comments/ri58nl/puts_on_reddit/
wallstreetbets,t3_ri04na,https://i.redd.it/dkdiavy7yy581.jpg
wallstreetbets,t3_rhznyp,https://www.reddit.com/r/wallstreetbets/comments/rhznyp/havent_posted_dd_in_a_long_time_the_mental_model/
wallstreetbets,t3_rhygjh,https://www.reddit.com/r/wallstreetbets/comments/rhygjh/nike_earnings_dd/
wallstreetbets,t3_rhxc5l,https://i.redd.it/3wlmywe4by581.png
wallstreetbets,t3_rhv6dm,https://v.redd.it/w4nzk0gmsx581
wallstreetbets,t3_rhr40s,https://www.reddit.com/r/wallstreetbets/comments/rhr40s/are_you_buying_the_reddit_ipo/
wallstreetbets,t3_rhlcw0,https://www.bnnbloomberg.ca/wallstreetbets-jokes-of-pumping-reddit-stock-after-ipo-filing-1.1696652
wallstreetbets,t3_rizg4n,https://www.reddit.com/r/wallstreetbets/comments/rizg4n/questions_about_straddle_options_in_relation_to/
wallstreetbets,t3_riz002,https://i.redd.it/i6iankyb78681.jpg
wallstreetbets,t3_riqca9,https://i.redd.it/snbs59o6z5681.jpg
wallstreetbets,t3_riqbz0,https://www.reddit.com/r/wallstreetbets/comments/riqbz0/dd_buy_rivn_puts/
wallstreetbets,t3_riojba,https://i.redd.it/916yw3hej5681.jpg
wallstreetbets,t3_riobda,https://i.redd.it/m2jg5okkh5681.jpg
wallstreetbets,t3_rim6b5,https://i.redd.it/m7tw5j7az4681.jpg
wallstreetbets,t3_rik157,https://www.wsj.com/articles/s-p-joins-major-credit-raters-in-declaring-china-evergrande-in-default-11639747751?mod=hp_lead_pos6
wallstreetbets,t3_rii7x8,https://i.redd.it/oiidvi24z3681.jpg
Baystreetbets,t3_riphoo,https://youtu.be/hlJ9U6VSn1Y
wallstreetbets,t3_rjm3yz,https://i.redd.it/76hoha8woe681.jpg
wallstreetbets,t3_rjkzn9,https://i.redd.it/dt223zdpde681.jpg
wallstreetbets,t3_rjjtnn,https://www.reddit.com/r/wallstreetbets/comments/rjjtnn/turkish_lira_dd/
wallstreetbets,t3_rjjecq,https://www.reddit.com/r/wallstreetbets/comments/rjjecq/we_should_buy_reddit/
wallstreetbets,t3_rjj101,https://merchant.wish.com/wish-standards
wallstreetbets,t3_rjijw4,https://www.thestreet.com/memestocks/other-memes/here-is-why-blackberrys-earnings-may-boost-the-stock
wallstreetbets,t3_rj5cgx,https://www.reddit.com/r/wallstreetbets/comments/rj5cgx/short_reddit_after_they_ipo/
wallstreetbets,t3_rizxwd,https://i.redd.it/yn7gyzf4h8681.jpg
CanadianInvestor,t3_rjys3i,https://www.reddit.com/r/CanadianInvestor/comments/rjys3i/bidens_bbb_bill_is_officially_dead/
wallstreetbets,t3_rk2lxz,https://i.redd.it/oje3c4f2mj681.jpg
wallstreetbets,t3_rjzt2v,https://www.cnn.com/2021/12/19/investing/stocks-week-ahead-reddit-wallstreetbets-gamestop/index.html
wallstreetbets,t3_rjzqnl,https://www.reddit.com/r/wallstreetbets/comments/rjzqnl/remember_tumblr_reddit_ipo_could_go_down_the_same/
wallstreetbets,t3_rjxmnw,https://i.redd.it/ohv01fsxci681.jpg
wallstreetbets,t3_rjwupk,https://www.reddit.com/r/wallstreetbets/comments/rjwupk/you_dont_need_to_buy_reddit_stocks_to_own_the/
wallstreetbets,t3_rkupkl,https://www.reddit.com/r/wallstreetbets/comments/rkupkl/oke_stock_dd/
wallstreetbets,t3_rkra3v,https://www.reddit.com/r/wallstreetbets/comments/rkra3v/reddit_ipo_valuation/
wallstreetbets,t3_rkoyrg,https://www.asiafinancial.com/china-evergrande-default-triggers-brawl-over-local-assets
wallstreetbets,t3_rknutp,https://preview.redd.it/ghofrcfmno681.jpg?width=640&amp;crop=smart&amp;auto=webp&amp;s=8dcf9201e4037972161d92ca41e68ae3d01c05dc
wallstreetbets,t3_rkgq8n,https://www.reddit.com/r/wallstreetbets/comments/rkgq8n/bbb_didnt_pass_will_be_the_bullshit_explanation/
wallstreetbets,t3_rkg4xc,https://www.reddit.com/r/wallstreetbets/comments/rkg4xc/evtl_vx4_dd/
wallstreetbets,t3_rkflh9,https://www.reddit.com/r/wallstreetbets/comments/rkflh9/building_a_moat_in_online_gambling_dkng/
wallstreetbets,t3_rlqya8,https://www.prnewswire.com/news-releases/blackberry-reports-third-quarter-fiscal-year-2022-results-301449351.html
wallstreetbets,t3_rll4i9,https://www.blackberry.com/us/en/company/newsroom/press-releases/2021/blackberry-launches-new-managed-extended-detection-and-response-xdr-service
wallstreetbets,t3_rlk32z,https://www.reddit.com/gallery/rlk32z
wallstreetbets,t3_rl9khz,https://v.redd.it/1id510xkpu681
Baystreetbets,t3_rltu4h,https://thedalesreport.com/crypto-nfts/liquid-meta-coming-to-market-as-defis-only-institutionally-focused-application-provider/
wallstreetbets,t3_rmk2a4,https://www.reddit.com/r/wallstreetbets/comments/rmk2a4/hedge_fund_shorts_hubs_and_attempts_to_sway/
wallstreetbets,t3_rmaact,https://www.reddit.com/gallery/rmaact
wallstreetbets,t3_rm9mzk,https://i.redd.it/ha8xvv1ql4781.jpg
wallstreetbets,t3_rm8k7e,https://www.reddit.com/r/wallstreetbets/comments/rm8k7e/gdp_3rd_estimate_better_than_expected_23_v_21_fda/
wallstreetbets,t3_rm6e8y,https://www.reddit.com/r/wallstreetbets/comments/rm6e8y/blackberry_beat_earnings_and_earnings_analysisthe/
Baystreetbets,t3_rmhre6,https://www.reddit.com/r/Baystreetbets/comments/rmhre6/hempfusion_wellness_looking_like_a_solid/
